UnitID,Institution Name,Sector of institution (HD2018),Level of institution (HD2018),Control of institution (HD2018),Degree-granting status (HD2018),Degree of urbanization (Urban-centric locale) (HD2018),Tribal college (HD2018),Historically Black College or University (HD2018),Graduation rate  total cohort (DRVGR2017_RV),Graduation rate  men (DRVGR2017_RV),Graduation rate  women (DRVGR2017_RV),Graduation rate  American Indian or Alaska Native (DRVGR2017_RV),Graduation rate  Asian/Native Hawaiian/Other Pacific Islander (DRVGR2017_RV),Graduation rate  Asian (DRVGR2017_RV),Graduation rate  Native Hawaiian or Other Pacific Islander (DRVGR2017_RV),Graduation rate  Black  non-Hispanic (DRVGR2017_RV),Graduation rate  Hispanic (DRVGR2017_RV),Graduation rate  White  non-Hispanic (DRVGR2017_RV),Graduation rate  Nonresident alien (DRVGR2017_RV),Graduation rate  Race/ethnicity unknown (DRVGR2017_RV),Graduation rate  two or more races (DRVGR2017_RV),Graduation rate - Bachelor degree within 4 years  total (DRVGR2017_RV),Graduation rate - Bachelor degree within 6 years  total (DRVGR2017_RV),Graduation rate - Bachelor degree within 6 years  men (DRVGR2017_RV),Graduation rate - Bachelor degree within 6 years  women (DRVGR2017_RV),Graduation rate - Bachelor degree within 6 years  American Indian or Alaska Native (DRVGR2017_RV),Graduation rate - Bachelor degree within 6 years  Asian/Native Hawaiian/Pacific Islander (DRVGR2017_RV),Graduation rate - Bachelor degree within 6 years  Asian (DRVGR2017_RV),Graduation rate - Bachelor degree within 6 years  Native Hawaiian or Other Pacific Islander (DRVGR2017_RV),Graduation rate - Bachelor degree within 6 years  Black  non-Hispanic (DRVGR2017_RV),Graduation rate - Bachelor degree within 6 years  Hispanic (DRVGR2017_RV),Graduation rate - Bachelor degree within 6 years  White  non-Hispanic (DRVGR2017_RV),Graduation rate - Bachelor degree within 6 years  two or more races (DRVGR2017_RV),Graduation rate - Bachelor degree within 6 years  Race/ethnicity unknown (DRVGR2017_RV),Graduation rate - Bachelor degree within 6 years  Nonresident alien (DRVGR2017_RV),
491464,ABC Adult School,7,3,1,2,21,2,2,,,,,,,,,,,,,,,,,,,,,,,,,,,,
493105,ABC Adult School - Cabrillo Lane,99,-3,-3,-3,21,2,2,,,,,,,,,,,,,,,,,,,,,,,,,,,,
485500,ABCO Technology,9,3,3,2,21,2,2,,,,,,,,,,,,,,,,,,,,,,,,,,,,
488031,Abraham Lincoln University,3,1,3,1,12,2,2,,,,,,,,,,,,,,,,,,,,,,,,,,,,
457271,Academy for Jewish Religion-California,2,1,2,1,11,2,2,,,,,,,,,,,,,,,,,,,,,,,,,,,,
462062,Academy for Salon Professionals,9,3,3,2,11,2,2,41,,,,,,,,,,,,,,,,,,,,,,,,,,,
108232,Academy of Art University,3,1,3,1,11,2,2,40,35,43,0,41,41,33,23,33,39,56,34,40,6,39,34,42,0,41,42,33,23,34,36,20,34,55,
108269,Academy of Chinese Culture and Health Sciences,2,1,2,1,11,2,2,,,,,,,,,,,,,,,,,,,,,,,,,,,,
454722,Academy of Esthetics and Cosmetology,9,3,3,2,21,2,2,77,,,,,,,,,,,,,,,,,,,,,,,,,,,
384306,Acupuncture and Integrative Medicine College-Berkeley,2,1,2,1,12,2,2,,,,,,,,,,,,,,,,,,,,,,,,,,,,
262369,Adrian's College of Beauty Turlock,9,3,3,2,23,2,2,81,,,,,,,,,,,,,,,,,,,,,,,,,,,
400187,Advance Beauty College,9,3,3,2,21,2,2,88,,,,,,,,,,,,,,,,,,,,,,,,,,,
479974,Advance Beauty Techs Academy,9,3,3,2,12,2,2,49,,,,,,,,,,,,,,,,,,,,,,,,,,,
480019,Advanced Career Institute,9,3,3,2,12,2,2,92,,,,,,,,,,,,,,,,,,,,,,,,,,,
444343,Advanced College,6,2,3,1,21,2,2,59,42,62,,67,71,0,51,63,75,,22,,,,,,,,,,,,,,,,
491163,Advanced College-Stockton,6,2,3,1,11,2,2,,,,,,,,,,,,,,,,,,,,,,,,,,,,
444361,Advanced Training Associates,6,2,3,1,21,2,2,96,98,94,100,100,100,100,100,100,94,,,100,,,,,,,,,,,,,,,
393524,Alhambra Beauty College,9,3,3,2,21,2,2,79,,,,,,,,,,,,,,,,,,,,,,,,,,,
487995,Alhambra Medical University,3,1,3,1,21,2,2,,,,,,,,,,,,,,,,,,,,,,,,,,,,
108807,Allan Hancock College,4,2,1,1,12,2,2,31,27,36,33,39,45,14,13,28,41,29,,42,,,,,,,,,,,,,,,
110468,Alliant International University-San Diego,3,1,3,1,11,2,2,,,,,,,,,,,,,,,,,,,,,,,,,,,,
490081,America Evangelical University,2,1,2,1,11,2,2,20,25,17,,25,25,,,,,0,,,10,20,25,17,,25,25,,,,,,,0,
108852,American Academy of Dramatic Arts-Los Angeles,5,2,2,1,11,2,2,69,76,65,,0,0,0,92,38,66,86,,61,,,,,,,,,,,,,,,
108861,American Baptist Seminary of the West,2,1,2,1,12,2,2,,,,,,,,,,,,,,,,,,,,,,,,,,,,
108977,American Beauty College,9,3,3,2,21,2,2,75,,,,,,,,,,,,,,,,,,,,,,,,,,,
441052,American Career College-Anaheim,6,2,3,1,11,2,2,65,56,67,,77,76,83,48,63,63,100,75,61,,,,,,,,,,,,,,,
109040,American Career College-Los Angeles,6,2,3,1,11,2,2,70,62,73,100,84,82,100,46,72,65,,75,43,,,,,,,,,,,,,,,
447768,American Career College-Ontario,6,2,3,1,12,2,2,71,67,73,100,69,70,50,65,74,62,,50,69,,,,,,,,,,,,,,,
483009,American College of Healthcare and Technology,6,2,3,2,21,2,2,70,80,69,,100,,100,56,71,100,,,,,,,,,,,,,,,,,,
422835,American College of Healthcare and Technology,6,2,3,2,11,2,2,85,78,87,100,67,67,,78,89,76,,90,100,,,,,,,,,,,,,,,
109086,American Conservatory Theater,2,1,2,1,11,2,2,,,,,,,,,,,,,,,,,,,,,,,,,,,,
108870,American Film Institute Conservatory,2,1,2,1,11,2,2,,,,,,,,,,,,,,,,,,,,,,,,,,,,
447795,American Institute of Massage Therapy,9,3,3,2,11,2,2,56,,,,,,,,,,,,,,,,,,,,,,,,,,,
116846,American Jewish University,2,1,2,1,11,2,2,29,25,33,0,,,,,,30,,33,,29,29,25,33,0,,,,,,30,,33,,
461263,American Medical Sciences Center,6,2,3,1,12,2,2,83,,83,,,,,,100,75,,,100,,,,,,,,,,,,,,,
109208,American River College,4,2,1,1,21,2,2,28,28,29,13,36,39,0,11,22,32,60,57,29,,,,,,,,,,,,,,,
433004,American University of Health Sciences,3,1,3,1,21,2,2,100,,100,,100,100,,,,,,,,100,100,,100,,100,100,,,,,,,,
457299,Angeles College,3,1,3,1,11,2,2,80,75,83,,90,90,,75,67,,,,,,,,,,,,,,,,,,,
457314,Angeles Institute,9,3,3,2,21,2,2,82,,,,,,,,,,,,,,,,,,,,,,,,,,,
475705,Annenberg School of Nursing,8,3,2,2,11,2,2,50,,,,,,,,,,,,,,,,,,,,,,,,,,,
109350,Antelope Valley College,1,1,1,1,21,2,2,24,24,24,0,33,35,0,13,24,29,33,26,17,,,,,,,,,,,,,,,
245838,Antioch University-Los Angeles,2,1,2,1,21,2,2,,,,,,,,,,,,,,,,,,,,,,,,,,,,
245847,Antioch University-Santa Barbara,2,1,2,1,13,2,2,,,,,,,,,,,,,,,,,,,,,,,,,,,,
109651,Art Center College of Design,2,1,2,1,12,2,2,68,65,69,,63,63,,0,74,60,83,,50,24,68,65,69,,63,63,,0,74,60,50,,83,
447777,Asher College,6,2,3,1,13,2,2,63,65,57,,33,0,50,71,75,62,,,,,,,,,,,,,,,,,,
154022,Ashford University,3,1,3,1,11,2,2,8,4,9,5,14,18,11,4,9,10,50,11,6,1,7,4,8,4,10,8,11,4,8,8,6,6,50,
393861,Asian-American International Beauty College,9,3,3,2,21,2,2,92,,,,,,,,,,,,,,,,,,,,,,,,,,,
485494,Associated Barber College of San Diego,9,3,3,2,11,2,2,,,,,,,,,,,,,,,,,,,,,,,,,,,,
109721,Associated Technical College-Los Angeles,9,3,3,2,11,2,2,64,,,,,,,,,,,,,,,,,,,,,,,,,,,
109730,Associated Technical College-San Diego,9,3,3,2,11,2,2,61,,,,,,,,,,,,,,,,,,,,,,,,,,,
444325,ATI College-Norwalk,6,2,3,2,21,2,2,75,100,74,,100,100,,20,100,67,,,,,,,,,,,,,,,,,,
108649,Avalon School of Cosmetology-Alameda,9,3,3,2,21,2,2,78,,,,,,,,,,,,,,,,,,,,,,,,,,,
469957,Aveda Institute-Los Angeles,9,3,3,2,11,2,2,65,,,,,,,,,,,,,,,,,,,,,,,,,,,
486558,Aviation Institute of Maintenance,6,2,3,2,21,2,2,,,,,,,,,,,,,,,,,,,,,,,,,,,,
109785,Azusa Pacific University,2,1,2,1,21,2,2,67,60,70,50,70,72,33,37,66,68,55,76,65,52,67,60,70,50,70,72,33,37,66,68,65,76,55,
109819,Bakersfield College,1,1,1,1,11,2,2,23,22,24,20,23,23,0,16,19,34,13,0,21,,,,,,,,,,,,,,,
417105,Baldwin Park Adult & Community Education,7,3,1,2,21,2,2,73,,,,,,,,,,,,,,,,,,,,,,,,,,,
490212,Baldy View Regional Occupational Program,7,3,1,2,12,2,2,88,,,,,,,,,,,,,,,,,,,,,,,,,,,
492892,Bard College - MAT Program CA,99,-3,-3,-3,11,2,2,,,,,,,,,,,,,,,,,,,,,,,,,,,,
109907,Barstow Community College,4,2,1,1,32,2,2,16,18,14,33,25,17,50,7,22,4,50,0,18,,,,,,,,,,,,,,,
483878,Bay Area Medical Academy,9,3,3,2,11,2,2,82,,,,,,,,,,,,,,,,,,,,,,,,,,,
449357,Beaumont Adult School,7,3,1,2,21,2,2,64,,,,,,,,,,,,,,,,,,,,,,,,,,,
109934,Bellus Academy-Chula Vista,6,2,3,2,21,2,2,73,100,71,,100,100,100,63,73,50,,100,100,,,,,,,,,,,,,,,
116563,Bellus Academy-El Cajon,6,2,3,2,21,2,2,85,100,85,,0,,0,100,82,84,,100,100,,,,,,,,,,,,,,,
377722,Bellus Academy-Poway,6,2,3,2,21,2,2,79,100,79,100,86,83,100,33,79,79,,40,100,,,,,,,,,,,,,,,
461643,Bergin University of Canine Studies,2,1,2,1,23,2,2,,,,,,,,,,,,,,,,,,,,,,,,,,,,
125170,Berkeley City College,4,2,1,1,12,2,2,25,22,27,100,47,48,0,10,15,28,17,14,33,,,,,,,,,,,,,,,
262022,Bethel Seminary-San Diego,2,1,2,1,11,2,2,,,,,,,,,,,,,,,,,,,,,,,,,,,,
110060,Bethesda University,2,1,2,1,11,2,2,15,11,21,,23,23,,0,8,0,0,75,,9,15,11,21,,23,23,,0,8,0,,75,0,
475635,Beverly Hills Design Institute,3,1,3,1,21,2,2,86,50,100,,100,100,,100,100,100,50,,,71,71,50,80,,100,100,,100,100,50,,,50,
457253,Beyond 21st Century Beauty Academy,9,3,3,2,21,2,2,67,,,,,,,,,,,,,,,,,,,,,,,,,,,
110097,Biola University,2,1,2,1,21,2,2,73,71,75,,73,74,50,67,69,77,76,88,60,55,73,71,75,,73,74,50,67,69,77,60,88,76,
447810,Blake Austin College,9,3,3,2,23,2,2,79,,,,,,,,,,,,,,,,,,,,,,,,,,,
491482,Blush School of Makeup,9,3,3,2,11,2,2,,,,,,,,,,,,,,,,,,,,,,,,,,,,
454759,Borner's Barber College,9,3,3,2,11,2,2,0,,,,,,,,,,,,,,,,,,,,,,,,,,,
479992,Brand College,9,3,3,2,12,2,2,100,,,,,,,,,,,,,,,,,,,,,,,,,,,
262086,Brandman University,2,1,2,1,11,2,2,,,,,,,,,,,,,,,,,,,,,,,,,,,,
110194,Brownson Technical School,9,3,3,2,11,2,2,83,,,,,,,,,,,,,,,,,,,,,,,,,,,
110246,Butte College,4,2,1,1,42,2,2,31,30,32,50,23,23,25,20,29,32,54,50,28,,,,,,,,,,,,,,,
487773,Butte County Regional Occupational Program,7,3,1,2,13,2,2,95,,,,,,,,,,,,,,,,,,,,,,,,,,,
110334,Cabrillo College,4,2,1,1,22,2,2,26,22,29,50,28,28,,18,20,33,23,0,37,,,,,,,,,,,,,,,
433420,California Aeronautical University,3,1,3,1,21,2,2,46,50,45,,,,,0,50,46,,,,0,67,,67,,,,,,50,100,,,,
110361,California Baptist University,2,1,2,1,11,2,2,59,57,60,67,51,51,50,30,56,65,93,66,43,41,59,57,60,67,51,51,50,30,56,65,43,66,93,
486497,California Barber and Beauty College,9,3,3,2,11,2,2,,,,,,,,,,,,,,,,,,,,,,,,,,,,
110875,California Beauty School,9,3,3,2,12,2,2,67,,,,,,,,,,,,,,,,,,,,,,,,,,,
447713,California Career College,6,2,3,1,11,2,2,,,,,,,,,,,,,,,,,,,,,,,,,,,,
481386,California Career Institute,9,3,3,2,21,2,2,77,,,,,,,,,,,,,,,,,,,,,,,,,,,
262402,California Career School,9,3,3,2,11,2,2,83,,,,,,,,,,,,,,,,,,,,,,,,,,,
110918,California Christian College,2,1,2,1,11,2,2,100,100,100,,,,,,100,100,,,,,,,,,,,,,,,,,,
492661,California College of Barbering and Cosmetology,9,3,3,2,11,2,2,,,,,,,,,,,,,,,,,,,,,,,,,,,,
110370,California College of the Arts,2,1,2,1,11,2,2,61,71,56,0,78,77,100,39,38,57,75,73,,40,61,71,56,0,78,77,100,39,38,57,,73,75,
478634,California College San Diego,2,1,2,1,21,2,2,,,,,,,,,,,,,,,,,,,,,,,,,,,,
485263,California College San Diego,2,1,2,1,11,2,2,35,34,36,40,40,39,45,36,37,42,,28,5,32,32,29,34,100,45,47,0,30,29,32,0,29,,
111054,California Hair Design Academy,9,3,3,2,21,2,2,72,,,,,,,,,,,,,,,,,,,,,,,,,,,
442985,California Healing Arts College,9,3,3,2,13,2,2,97,,,,,,,,,,,,,,,,,,,,,,,,,,,
487649,California Institute of Advanced Management,2,1,2,1,21,2,2,,,,,,,,,,,,,,,,,,,,,,,,,,,,
490285,California Institute of Arts & Technology,6,2,3,1,11,2,2,72,71,80,,100,100,,50,0,0,,74,,,,,,,,,,,,,,,,
110316,California Institute of Integral Studies,2,1,2,1,11,2,2,,,,,,,,,,,,,,,,,,,,,,,,,,,,
491507,California Institute of Medical Science,9,3,3,2,11,2,2,,,,,,,,,,,,,,,,,,,,,,,,,,,,
110404,California Institute of Technology,2,1,2,1,12,2,2,89,88,92,100,93,93,,100,77,93,82,,86,79,89,88,92,100,93,93,,100,77,93,86,,82,
111081,California Institute of the Arts,2,1,2,1,21,2,2,67,66,68,,70,78,0,67,58,63,81,,83,62,67,66,68,,70,78,0,67,58,63,83,,81,
485546,California Intercontinental University,3,1,3,1,11,2,2,,,,,,,,,,,,,,,,,,,,,,,,,,,,
486488,California Jazz Conservatory,2,1,2,1,12,2,2,,,,,,,,,,,,,,,,,,,,,,,,,,,,
110413,California Lutheran University,2,1,2,1,12,2,2,71,66,75,60,67,66,75,72,76,70,88,65,60,62,71,66,75,60,67,66,75,72,76,70,60,65,88,
480781,California Miramar University,3,1,3,1,11,2,2,,,,,,,,,,,,,,,,,,,,,,,,,,,,
455734,California Nurses Educational Institute,9,3,3,2,21,2,2,86,,,,,,,,,,,,,,,,,,,,,,,,,,,
110422,California Polytechnic State University-San Luis Obispo,1,1,1,1,23,2,2,82,79,86,75,81,82,56,76,73,84,64,84,84,47,82,79,86,75,81,82,56,76,73,84,84,84,64,
110529,California State Polytechnic University-Pomona,1,1,1,1,21,2,2,66,61,72,43,74,74,29,46,59,70,72,66,66,18,66,61,72,43,74,74,29,46,59,70,66,66,72,
111188,California State University Maritime Academy,1,1,1,1,12,2,2,64,63,73,0,77,77,,0,59,68,100,50,50,47,64,63,73,0,77,77,,0,59,68,50,50,100,
110486,California State University-Bakersfield,1,1,1,1,11,2,2,41,39,42,75,51,51,0,26,42,45,45,36,22,14,41,39,42,75,51,51,0,26,42,45,22,36,45,
110501,California State University-Chancellors Office,0,1,1,1,11,2,2,,,,,,,,,,,,,,,,,,,,,,,,,,,,
441937,California State University-Channel Islands,1,1,1,1,22,2,2,59,57,60,50,51,49,100,70,56,66,,45,56,26,59,57,60,50,51,49,100,70,56,66,56,45,,
110538,California State University-Chico,1,1,1,1,13,2,2,66,60,70,50,61,61,50,52,60,69,55,70,66,26,66,60,70,50,61,61,50,52,60,69,66,70,55,
110547,California State University-Dominguez Hills,1,1,1,1,13,2,2,43,36,46,0,46,48,20,40,44,45,25,50,41,6,43,36,46,0,46,48,20,40,44,45,41,50,25,
110574,California State University-East Bay,1,1,1,1,12,2,2,42,37,45,67,55,53,86,23,40,57,46,38,43,10,42,37,45,67,55,53,86,23,40,57,43,38,46,
110556,California State University-Fresno,1,1,1,1,11,2,2,56,50,60,33,47,47,43,51,53,66,58,66,66,15,56,50,60,33,47,47,43,51,53,66,66,66,58,
110565,California State University-Fullerton,1,1,1,1,21,2,2,66,60,71,70,70,71,56,59,63,70,56,61,67,22,66,60,71,70,70,71,56,59,63,70,67,61,56,
110583,California State University-Long Beach,1,1,1,1,11,2,2,69,63,73,75,74,74,50,53,66,73,73,67,68,16,69,63,73,75,74,74,50,53,66,73,68,67,73,
110592,California State University-Los Angeles,1,1,1,1,11,2,2,47,40,52,50,62,62,,41,44,57,47,39,38,6,47,40,52,50,62,62,,41,44,57,38,39,47,
409698,California State University-Monterey Bay,1,1,1,1,22,2,2,60,56,63,67,70,69,100,53,60,62,10,66,58,23,60,56,63,67,70,69,100,53,60,62,58,66,10,
110608,California State University-Northridge,1,1,1,1,11,2,2,51,45,57,43,61,62,30,39,47,65,55,51,42,13,51,45,57,43,61,62,30,39,47,65,42,51,55,
110617,California State University-Sacramento,1,1,1,1,11,2,2,48,43,51,38,46,46,30,37,49,50,48,53,53,9,48,43,51,38,46,46,30,37,49,50,53,53,48,
110510,California State University-San Bernardino,1,1,1,1,12,2,2,54,51,56,60,54,54,67,48,53,59,76,64,49,12,54,51,56,60,54,54,67,48,53,59,49,64,76,
366711,California State University-San Marcos,1,1,1,1,21,2,2,53,47,57,0,63,62,100,49,51,56,38,52,43,14,53,47,57,0,63,62,100,49,51,56,43,52,38,
110495,California State University-Stanislaus,1,1,1,1,23,2,2,53,49,55,100,54,56,17,41,54,54,43,59,42,11,53,49,55,100,54,56,17,41,54,54,42,59,43,
483443,California Technical Academy,9,3,3,2,11,2,2,,,,,,,,,,,,,,,,,,,,,,,,,,,,
111391,California Western School of Law,2,1,2,1,11,2,2,,,,,,,,,,,,,,,,,,,,,,,,,,,,
446093,Cambridge Junior College-Yuba City,9,3,3,2,13,2,2,83,100,82,,0,,0,,85,91,,0,100,,,,,,,,,,,,,,,
111434,Canada College,4,2,1,1,21,2,2,26,26,27,50,28,31,0,14,17,37,44,25,42,,,,,,,,,,,,,,,
377759,Capstone College,9,3,3,2,12,2,2,76,,,,,,,,,,,,,,,,,,,,,,,,,,,
111513,Career Academy of Beauty,9,3,3,2,21,2,2,88,,,,,,,,,,,,,,,,,,,,,,,,,,,
446118,Career Care Institute,6,2,3,1,21,2,2,94,,,,,,,,,,,,,,,,,,,,,,,,,,,
454801,Career Development Institute Inc,9,3,3,2,11,2,2,,,,,,,,,,,,,,,,,,,,,,,,,,,,
433013,Career Networks Institute,3,1,3,1,12,2,2,74,64,80,0,76,76,,88,81,70,0,63,,,,,,,,,,,,,,,,
485467,Carrington College-Administrative Office,0,2,3,1,21,2,2,,,,,,,,,,,,,,,,,,,,,,,,,,,,
450702,Carrington College-Citrus Heights,6,2,3,1,21,2,2,62,55,63,40,71,100,50,33,61,66,100,,40,,,,,,,,,,,,,,,
438258,Carrington College-Pleasant Hill,6,2,3,1,21,2,2,63,50,64,0,88,86,100,42,67,59,,67,100,,,,,,,,,,,,,,,
467368,Carrington College-Pomona,6,2,3,1,21,2,2,47,17,49,100,0,,0,0,46,62,,,,,,,,,,,,,,,,,,
125532,Carrington College-Sacramento,6,2,3,1,21,2,2,56,52,57,100,83,91,0,33,61,60,,42,33,,,,,,,,,,,,,,,
437936,Carrington College-San Jose,6,2,3,1,11,2,2,74,64,76,,50,100,0,100,76,69,100,0,80,,,,,,,,,,,,,,,
246974,Carrington College-San Leandro,6,2,3,1,13,2,2,68,46,71,100,92,90,100,57,69,64,100,,60,,,,,,,,,,,,,,,
450696,Carrington College-Stockton,6,2,3,1,11,2,2,65,52,66,,65,68,50,67,67,58,,100,50,,,,,,,,,,,,,,,
111638,Casa Loma College-Van Nuys,5,2,2,1,11,2,2,37,14,48,,33,33,,80,27,50,,,,,,,,,,,,,,,,,,
439367,CBD College,5,2,2,1,11,2,2,77,85,73,,91,90,100,63,77,78,,,,,,,,,,,,,,,,,,
419183,Central California School of Continuing Education,6,2,3,2,13,2,2,87,88,86,,50,50,,100,90,86,,0,,,,,,,,,,,,,,,,
492430,Central California School of Continuing Education -,99,-3,-3,-3,32,2,2,,,,,,,,,,,,,,,,,,,,,,,,,,,,
378105,Central Coast College,6,2,3,1,12,2,2,70,100,68,100,0,0,,,77,56,,50,0,,,,,,,,,,,,,,,
111887,Cerritos College,4,2,1,1,21,2,2,24,21,27,19,40,40,33,24,22,19,35,28,35,,,,,,,,,,,,,,,
111896,Cerro Coso Community College,4,2,1,1,41,2,2,18,13,22,,0,0,0,22,18,21,,0,18,,,,,,,,,,,,,,,
444510,CES College,8,3,2,2,12,2,2,64,,,,,,,,,,,,,,,,,,,,,,,,,,,
381255,CET-Coachella,8,3,2,2,21,2,2,89,,,,,,,,,,,,,,,,,,,,,,,,,,,
111744,CET-Colton,8,3,2,2,21,2,2,84,,,,,,,,,,,,,,,,,,,,,,,,,,,
111726,CET-El Centro,8,3,2,2,13,2,2,89,,,,,,,,,,,,,,,,,,,,,,,,,,,
381282,CET-Oxnard,8,3,2,2,12,2,2,79,,,,,,,,,,,,,,,,,,,,,,,,,,,
111799,CET-Salinas,8,3,2,2,12,2,2,59,,,,,,,,,,,,,,,,,,,,,,,,,,,
111708,CET-San Diego,8,3,2,2,11,2,2,71,,,,,,,,,,,,,,,,,,,,,,,,,,,
111717,CET-San Jose,8,3,2,2,11,2,2,81,,,,,,,,,,,,,,,,,,,,,,,,,,,
381325,CET-Santa Maria,8,3,2,2,12,2,2,80,,,,,,,,,,,,,,,,,,,,,,,,,,,
468769,CET-Soledad,8,3,2,2,32,2,2,87,,,,,,,,,,,,,,,,,,,,,,,,,,,
111762,CET-Watsonville,8,3,2,2,13,2,2,71,,,,,,,,,,,,,,,,,,,,,,,,,,,
111920,Chabot College,4,2,1,1,12,2,2,33,32,33,0,45,46,23,23,22,43,29,13,33,,,,,,,,,,,,,,,
111939,Chaffey College,4,2,1,1,21,2,2,23,23,24,,38,41,0,10,23,32,16,24,9,,,,,,,,,,,,,,,
489353,Chamberlain University-California,3,1,3,1,13,2,2,,,,,,,,,,,,,,,,,,,,,,,,,,,,
422190,Champion Institute of Cosmetology,9,3,3,2,21,2,2,62,,,,,,,,,,,,,,,,,,,,,,,,,,,
111948,Chapman University,2,1,2,1,12,2,2,79,75,82,50,87,88,0,61,80,79,76,67,77,69,79,75,82,50,87,88,0,61,80,79,77,67,76,
123493,Charles A Jones Career and Education Center,4,2,1,2,11,2,2,75,76,74,100,73,75,60,74,74,79,,60,,,,,,,,,,,,,,,,
111966,Charles R Drew University of Medicine and Science,2,1,2,1,21,2,2,25,0,50,,,,,0,50,,,,,0,25,0,50,,,,,0,50,,,,,
112127,Church Divinity School of the Pacific,2,1,2,1,12,2,2,,,,,,,,,,,,,,,,,,,,,,,,,,,,
461829,Cinta Aveda Institute,6,2,3,2,11,2,2,90,62,99,67,75,75,,100,88,100,,85,93,,,,,,,,,,,,,,,
112172,Citrus College,4,2,1,1,21,2,2,38,33,43,100,51,51,0,28,33,49,43,100,36,,,,,,,,,,,,,,,
112181,Citrus Heights Beauty College,9,3,3,2,21,2,2,89,,,,,,,,,,,,,,,,,,,,,,,,,,,
112190,City College of San Francisco,4,2,1,1,11,2,2,32,30,35,0,40,40,13,17,18,28,39,25,36,,,,,,,,,,,,,,,
112251,Claremont Graduate University,2,1,2,1,21,2,2,,,,,,,,,,,,,,,,,,,,,,,,,,,,
488387,Claremont Lincoln University,2,1,2,1,21,2,2,,,,,,,,,,,,,,,,,,,,,,,,,,,,
112260,Claremont McKenna College,2,1,2,1,21,2,2,90,90,90,,97,97,,82,88,89,83,96,100,84,90,90,90,,97,97,,82,88,89,100,96,83,
124283,Claremont School of Theology,2,1,2,1,21,2,2,,,,,,,,,,,,,,,,,,,,,,,,,,,,
112367,Clovis Adult Education,7,3,1,2,21,2,2,50,,,,,,,,,,,,,,,,,,,,,,,,,,,
489201,Clovis Community College,4,2,1,1,11,2,2,,,,,,,,,,,,,,,,,,,,,,,,,,,,
449393,Coachella Valley Beauty College,9,3,3,2,21,2,2,52,,,,,,,,,,,,,,,,,,,,,,,,,,,
485412,Coachella Valley Beauty College-Hemet,9,3,3,2,22,2,2,56,,,,,,,,,,,,,,,,,,,,,,,,,,,
112376,Coast Community College District Office,0,2,1,1,12,2,2,,,,,,,,,,,,,,,,,,,,,,,,,,,,
450988,Coastline Beauty College,9,3,3,2,13,2,2,86,,,,,,,,,,,,,,,,,,,,,,,,,,,
112385,Coastline Community College,4,2,1,1,13,2,2,19,16,22,,30,31,0,3,16,24,17,50,0,,,,,,,,,,,,,,,
112455,Coba Academy,9,3,3,2,11,2,2,58,,,,,,,,,,,,,,,,,,,,,,,,,,,
112394,Cogswell College,3,1,3,1,11,2,2,37,40,25,0,60,33,100,100,11,38,,40,50,28,37,40,25,0,60,33,100,100,11,38,50,40,,
420608,Colleen O'Haras Beauty Academy,9,3,3,2,11,2,2,54,,,,,,,,,,,,,,,,,,,,,,,,,,,
108667,College of Alameda,4,2,1,1,21,2,2,31,34,28,,47,47,,13,14,33,50,40,13,,,,,,,,,,,,,,,
118347,College of Marin,4,2,1,1,21,2,2,30,33,26,100,33,37,0,0,29,33,29,0,33,,,,,,,,,,,,,,,
122791,College of San Mateo,4,2,1,1,21,2,2,39,38,40,,44,44,44,31,30,46,38,50,49,,,,,,,,,,,,,,,
111461,College of the Canyons,4,2,1,1,21,2,2,36,33,39,0,45,45,0,20,31,43,38,0,41,,,,,,,,,,,,,,,
113573,College of the Desert,4,2,1,1,21,2,2,26,24,29,0,43,46,0,12,27,25,21,0,55,,,,,,,,,,,,,,,
121707,College of the Redwoods,4,2,1,1,41,2,2,20,20,21,14,18,20,0,0,13,23,,33,27,,,,,,,,,,,,,,,
123217,College of the Sequoias,4,2,1,1,12,2,2,29,26,32,10,30,32,0,23,28,34,44,42,30,,,,,,,,,,,,,,,
123484,College of the Siskiyous,4,2,1,1,33,2,2,30,32,23,0,25,33,0,21,23,36,,29,7,,,,,,,,,,,,,,,
112561,Columbia College,4,2,1,1,41,2,2,23,20,27,0,0,0,,0,28,23,,0,,,,,,,,,,,,,,,,
112570,Columbia College Hollywood,2,1,2,1,11,2,2,50,38,65,0,83,83,,14,43,54,100,0,33,41,50,37,65,0,83,83,,14,43,54,33,0,100,
446163,Community Christian College,5,2,2,1,13,2,2,27,20,29,0,,,,67,28,25,0,,0,,,,,,,,,,,,,,,
112686,Compton College,4,2,1,1,21,2,2,18,15,21,,20,33,0,10,21,25,,,0,,,,,,,,,,,,,,,
123679,Concorde Career College-Garden Grove,6,2,3,1,21,2,2,74,71,75,100,75,76,60,53,74,80,,70,73,,,,,,,,,,,,,,,
124937,Concorde Career College-North Hollywood,6,2,3,1,11,2,2,75,69,78,100,72,70,80,65,78,76,,68,71,,,,,,,,,,,,,,,
124706,Concorde Career College-San Bernardino,6,2,3,1,12,2,2,78,73,79,100,82,79,100,59,79,84,,77,74,,,,,,,,,,,,,,,
120661,Concorde Career College-San Diego,6,2,3,1,11,2,2,75,75,74,25,74,72,84,61,76,84,,80,71,,,,,,,,,,,,,,,
112075,Concordia University-Irvine,2,1,2,1,11,2,2,65,60,68,,50,47,100,50,54,69,100,57,69,56,65,60,68,,50,47,100,50,54,69,69,57,100,
112826,Contra Costa College,4,2,1,1,21,2,2,25,24,26,,29,30,0,18,23,24,52,0,14,,,,,,,,,,,,,,,
112817,Contra Costa Community College District Office,0,2,1,1,21,2,2,,,,,,,,,,,,,,,,,,,,,,,,,,,,
491950,Contra Costa Medical Career College,9,3,3,2,21,2,2,,,,,,,,,,,,,,,,,,,,,,,,,,,,
395362,Copper Mountain Community College,4,2,1,1,42,2,2,18,18,18,0,0,0,,29,10,23,,,13,,,,,,,,,,,,,,,
459189,Cosmo Beauty Academy,9,3,3,2,13,2,2,88,,,,,,,,,,,,,,,,,,,,,,,,,,,
481395,Cosmo Factory Cosmetology Academy,9,3,3,2,13,2,2,94,,,,,,,,,,,,,,,,,,,,,,,,,,,
113096,Cosumnes River College,4,2,1,1,11,2,2,24,24,24,0,30,31,0,16,16,30,17,0,28,,,,,,,,,,,,,,,
113111,Crafton Hills College,4,2,1,1,41,2,2,29,27,31,0,33,33,33,38,24,36,0,,28,,,,,,,,,,,,,,,
371830,CRU Institute of Cosmetology and Barbering,9,3,3,2,21,2,2,58,,,,,,,,,,,,,,,,,,,,,,,,,,,
113193,Cuesta College,4,2,1,1,23,2,2,33,30,36,50,67,67,,22,25,35,25,0,36,,,,,,,,,,,,,,,
113218,Cuyamaca College,4,2,1,1,21,2,2,26,19,32,,29,29,,19,24,29,0,0,24,,,,,,,,,,,,,,,
113236,Cypress College,1,1,1,1,21,2,2,36,35,37,,51,51,38,48,28,32,46,26,47,,,,,,,,,,,,,,,
113333,De Anza College,4,2,1,1,13,2,2,62,59,66,33,73,74,27,49,44,59,70,43,60,,,,,,,,,,,,,,,
488192,DeHart Technical School,9,3,3,2,21,2,2,,,,,,,,,,,,,,,,,,,,,,,,,,,,
113537,Dell'Arte International School of Physical Theatre,2,1,2,1,41,2,2,,,,,,,,,,,,,,,,,,,,,,,,,,,,
113582,Design Institute of San Diego,3,1,3,1,11,2,2,50,100,45,,,,,,50,44,100,,,42,50,100,45,,,,,,50,44,,,100,
441256,Design's School of Cosmetology,9,3,3,2,13,2,2,93,,,,,,,,,,,,,,,,,,,,,,,,,,,
482431,DeVry University-California,3,1,3,1,21,2,2,32,31,34,0,46,46,40,38,31,42,44,11,0,23,30,30,31,0,50,52,25,29,29,42,0,5,50,
113634,Diablo Valley College,4,2,1,1,21,2,2,45,44,46,,45,46,29,12,29,40,67,75,41,,,,,,,,,,,,,,,
476780,Diamond Beauty College,9,3,3,2,21,2,2,96,,,,,,,,,,,,,,,,,,,,,,,,,,,
395690,Diversified Vocational College,9,3,3,2,11,2,2,68,,,,,,,,,,,,,,,,,,,,,,,,,,,
113704,Dominican School of Philosophy & Theology,2,1,2,1,12,2,2,,,,,,,,,,,,,,,,,,,,,,,,,,,,
113698,Dominican University of California,2,1,2,1,13,2,2,72,59,77,,87,90,60,71,70,71,38,76,53,62,72,59,77,,87,90,60,71,70,71,53,76,38,
122117,Dongguk University-Los Angeles,2,1,2,1,11,2,2,,,,,,,,,,,,,,,,,,,,,,,,,,,,
371690,Downey Adult School,4,2,1,2,21,2,2,68,76,66,100,56,60,0,85,83,78,,13,,,,,,,,,,,,,,,,
451006,Eagle Rock College,6,2,3,1,11,2,2,54,29,69,,75,75,,67,91,100,5,,50,,,,,,,,,,,,,,,
113856,East Los Angeles College,4,2,1,1,13,2,2,31,32,30,,49,49,0,18,20,17,50,85,22,,,,,,,,,,,,,,,
413802,East San Gabriel Valley Regional Occupational Program,4,2,1,1,21,2,2,78,73,79,0,100,100,,67,78,75,,,100,,,,,,,,,,,,,,,
113980,El Camino Community College District,4,2,1,1,21,2,2,32,28,35,,51,52,38,16,24,46,46,0,45,,,,,,,,,,,,,,,
114044,Elegance International,9,3,3,2,11,2,2,68,,,,,,,,,,,,,,,,,,,,,,,,,,,
461607,Elite Cosmetology School,9,3,3,2,32,2,2,59,,,,,,,,,,,,,,,,,,,,,,,,,,,
114114,Emperor's College of Traditional Oriental Medicine,3,1,3,1,13,2,2,,,,,,,,,,,,,,,,,,,,,,,,,,,,
114123,Empire College,3,1,3,1,12,2,2,58,54,59,50,60,67,50,20,55,62,,,,,,,,,,,,,,,,,,
124487,Epic Bible College,2,1,2,1,21,2,2,0,0,0,,0,0,,0,0,0,,,,0,0,0,0,,0,0,,0,0,0,,,,
417062,Estes Institute of Cosmetology Arts and Science,9,3,3,2,12,2,2,63,,,,,,,,,,,,,,,,,,,,,,,,,,,
114266,Evergreen Valley College,4,2,1,1,11,2,2,32,25,39,60,33,33,0,67,28,46,30,30,57,,,,,,,,,,,,,,,
114433,Feather River Community College District,1,1,1,1,41,2,2,35,26,50,0,50,33,67,19,28,45,14,21,31,,,,,,,,,,,,,,,
114460,Federico Beauty Institute,9,3,3,2,21,2,2,71,,,,,,,,,,,,,,,,,,,,,,,,,,,
114354,FIDM-Fashion Institute of Design & Merchandising-Los Angeles,3,1,3,1,11,2,2,63,57,64,33,76,77,67,60,63,64,73,56,42,,,,,,,,,,,,,,,
114415,FIDM-Fashion Institute of Design & Merchandising-Orange County,6,2,3,1,11,2,2,63,57,64,33,76,77,67,60,63,64,73,56,42,,,,,,,,,,,,,,,
248846,FIDM-Fashion Institute of Design & Merchandising-San Diego,6,2,3,1,11,2,2,63,57,64,33,76,77,67,60,63,64,73,56,42,,,,,,,,,,,,,,,
114390,FIDM-Fashion Institute of Design & Merchandising-San Francisco,3,1,3,1,11,2,2,63,57,64,33,76,77,67,60,63,64,73,56,42,,,,,,,,,,,,,,,
114549,Fielding Graduate University,2,1,2,1,13,2,2,,,,,,,,,,,,,,,,,,,,,,,,,,,,
114585,Five Branches University,3,1,3,1,22,2,2,,,,,,,,,,,,,,,,,,,,,,,,,,,,
476513,Flair Beauty College,9,3,3,2,21,2,2,78,,,,,,,,,,,,,,,,,,,,,,,,,,,
444219,Folsom Lake College,4,2,1,1,13,2,2,31,30,31,0,50,58,0,14,22,32,0,25,33,,,,,,,,,,,,,,,
114716,Foothill College,1,1,1,1,21,2,2,56,55,56,,69,71,25,29,33,50,76,0,43,,,,,,,,,,,,,,,
114831,Foothill-De Anza Community College District,0,1,1,1,21,2,2,,,,,,,,,,,,,,,,,,,,,,,,,,,,
114734,Franciscan School of Theology,2,1,2,1,21,2,2,,,,,,,,,,,,,,,,,,,,,,,,,,,,
114761,Fredrick and Charles Beauty College,9,3,3,2,33,2,2,69,,,,,,,,,,,,,,,,,,,,,,,,,,,
372073,Fremont College,3,1,3,1,21,2,2,50,54,47,,74,74,,34,54,46,,48,29,33,33,0,50,,,,,0,0,,,100,,
114789,Fresno City College,4,2,1,1,11,2,2,18,16,19,0,23,23,50,10,15,26,0,17,17,,,,,,,,,,,,,,,
114813,Fresno Pacific University,2,1,2,1,11,2,2,65,54,72,,50,50,,40,67,68,13,84,57,53,65,54,72,,50,50,,40,67,68,57,84,13,
114840,Fuller Theological Seminary,2,1,2,1,12,2,2,,,,,,,,,,,,,,,,,,,,,,,,,,,,
114859,Fullerton College,4,2,1,1,21,2,2,29,25,32,0,44,43,67,25,24,33,35,23,24,,,,,,,,,,,,,,,
461254,Galaxy Medical College,9,3,3,2,11,2,2,98,,,,,,,,,,,,,,,,,,,,,,,,,,,
114938,Gavilan College,4,2,1,1,23,2,2,29,28,30,,33,38,0,57,27,30,0,0,46,,,,,,,,,,,,,,,
486099,GDS Institute,9,3,3,2,21,2,2,99,,,,,,,,,,,,,,,,,,,,,,,,,,,
114947,Gemological Institute of America-Carlsbad,8,3,2,2,12,2,2,90,,,,,,,,,,,,,,,,,,,,,,,,,,,
115010,Glendale Career College,6,2,3,1,12,2,2,66,64,67,,71,71,,56,68,64,,55,,,,,,,,,,,,,,,,
115001,Glendale Community College,4,2,1,1,12,2,2,29,27,31,,27,27,0,15,18,38,29,7,28,,,,,,,,,,,,,,,
449384,Gnomon,3,1,3,1,11,2,2,,,,,,,,,,,,,,,,,,,,,,,,,,,,
115083,Golden Gate University-San Francisco,2,1,2,1,11,2,2,,,,,,,,,,,,,,,,,,,,,,,,,,,,
115126,Golden West College,4,2,1,1,21,2,2,34,33,36,50,44,45,14,20,26,35,44,80,26,,,,,,,,,,,,,,,
481058,Grace Mission University,2,1,2,1,21,2,2,,,,,,,,,,,,,,,,,,,,,,,,,,,,
115214,Graduate Theological Union,2,1,2,1,12,2,2,,,,,,,,,,,,,,,,,,,,,,,,,,,,
115296,Grossmont College,4,2,1,1,21,2,2,27,25,28,,40,41,29,17,22,29,29,20,28,,,,,,,,,,,,,,,
115287,Grossmont-Cuyamaca Community College District,0,2,1,1,21,2,2,,,,,,,,,,,,,,,,,,,,,,,,,,,,
459213,Gurnick Academy of Medical Arts,3,1,3,1,21,2,2,59,59,59,50,60,57,100,56,50,77,,53,50,,,,,,,,,,,,,,,
383084,Hacienda La Puente Adult Education,4,2,1,1,21,2,2,79,92,65,68,84,84,86,75,86,62,,94,78,,,,,,,,,,,,,,,
115393,Hartnell College,4,2,1,1,12,2,2,31,32,30,,22,18,50,27,31,33,100,0,47,,,,,,,,,,,,,,,
115409,Harvey Mudd College,2,1,2,1,21,2,2,96,95,98,,97,97,,100,100,95,95,91,100,86,96,95,98,,97,97,,100,100,95,100,91,95,
454795,Healing Hands School of Holistic Health,9,3,3,2,21,2,2,71,,,,,,,,,,,,,,,,,,,,,,,,,,,
450960,Healthcare Career College,6,2,3,1,21,2,2,67,42,73,,89,86,100,56,73,38,,50,,,,,,,,,,,,,,,,
484002,High Desert Medical College,6,2,3,1,21,2,2,66,57,66,,83,83,,50,73,63,,,20,,,,,,,,,,,,,,,
485403,High Tech High Graduate School of Education,2,1,2,1,11,2,2,,,,,,,,,,,,,,,,,,,,,,,,,,,,
115658,Hilltop Beauty School,9,3,3,2,21,2,2,75,,,,,,,,,,,,,,,,,,,,,,,,,,,
480000,Hinton Barber and Beauty College,9,3,3,2,12,2,2,69,,,,,,,,,,,,,,,,,,,,,,,,,,,
115728,Holy Names University,2,1,2,1,11,2,2,43,33,49,,40,50,33,42,52,35,43,,35,32,43,33,49,,40,50,33,42,52,35,35,,43,
457086,Homestead Schools,2,1,2,1,12,2,2,83,70,88,,81,81,,71,100,100,,,,,,,,,,,,,,,,,,
120537,Hope International University,2,1,2,1,21,2,2,48,46,49,,86,100,75,0,33,54,0,50,53,48,48,46,49,,86,100,75,0,33,54,53,42,,
488411,Hoss Lee Academy,9,3,3,2,21,2,2,86,,,,,,,,,,,,,,,,,,,,,,,,,,,
115755,Humboldt State University,1,1,1,1,33,2,2,47,41,51,29,51,53,25,40,40,51,100,40,53,14,47,41,51,29,51,53,25,40,40,51,53,40,100,
115773,Humphreys University-Stockton and Modesto Campuses,2,1,2,1,11,2,2,41,40,41,0,57,57,,43,43,27,,,,33,48,50,48,0,67,67,,50,50,40,,,,
486965,Hussian College-Relativity Campus California,3,1,3,1,11,2,2,,,,,,,,,,,,,,,,,,,,,,,,,,,,
368771,Hypnosis Motivation Institute,8,3,2,2,11,2,2,0,,,,,,,,,,,,,,,,,,,,,,,,,,,
115861,Imperial Valley College,4,2,1,1,41,2,2,27,25,29,0,,,,0,28,6,,35,,,,,,,,,,,,,,,,
491880,Independent Training & Apprenticeship Program,9,3,3,2,13,2,2,,,,,,,,,,,,,,,,,,,,,,,,,,,,
115931,Institute for Business and Technology,6,2,3,1,12,2,2,79,82,69,,87,87,,62,80,81,,65,,,,,,,,,,,,,,,,
493080,Institute of Culinary Education,9,3,3,2,12,2,2,,,,,,,,,,,,,,,,,,,,,,,,,,,,
431141,Institute of Technology,6,2,3,1,21,2,2,64,60,67,38,75,80,57,52,65,64,,66,50,,,,,,,,,,,,,,,
483373,Integrity College of Health,9,3,3,2,12,2,2,79,,,,,,,,,,,,,,,,,,,,,,,,,,,
366289,InterCoast Colleges-Anaheim,6,2,3,1,11,2,2,71,75,67,0,86,85,100,59,89,71,,32,,,,,,,,,,,,,,,,
481960,InterCoast Colleges-Fairfield,6,2,3,1,12,2,2,72,64,76,0,92,90,100,63,76,67,,75,33,,,,,,,,,,,,,,,
457208,InterCoast Colleges-Rancho Cordova,9,3,3,2,13,2,2,70,,,,,,,,,,,,,,,,,,,,,,,,,,,
442888,InterCoast Colleges-Riverside,6,2,3,1,11,2,2,70,69,72,,100,100,100,63,67,83,,,0,,,,,,,,,,,,,,,
443571,InterCoast Colleges-West Covina,6,2,3,1,21,2,2,66,65,71,0,67,67,,67,70,54,,67,0,,,,,,,,,,,,,,,
116226,Interior Designers Institute,3,1,3,1,13,2,2,,,,,,,,,,,,,,,,,,,,,,,,,,,,
462336,International College of Beauty Arts & Sciences,9,3,3,2,11,2,2,71,,,,,,,,,,,,,,,,,,,,,,,,,,,
461175,International College of Cosmetology,9,3,3,2,11,2,2,79,,,,,,,,,,,,,,,,,,,,,,,,,,,
491659,International College of Holistic Studies,8,3,2,2,11,2,2,,,,,,,,,,,,,,,,,,,,,,,,,,,,
475097,International Culinary Center-California,9,3,3,2,21,2,2,87,,,,,,,,,,,,,,,,,,,,,,,,,,,
113449,International School of Beauty Inc,9,3,3,2,21,2,2,59,,,,,,,,,,,,,,,,,,,,,,,,,,,
485519,International Sports Sciences Association,6,2,3,1,22,2,2,29,23,50,,,,,0,,40,,50,,,,,,,,,,,,,,,,
116439,Irvine Valley College,4,2,1,1,11,2,2,45,41,50,0,55,55,,50,31,48,48,57,48,,,,,,,,,,,,,,,
116712,John F. Kennedy University,2,1,2,1,21,2,2,,,,,,,,,,,,,,,,,,,,,,,,,,,,
462354,John Paul the Great Catholic University,2,1,2,1,21,2,2,61,44,83,,0,0,,,100,46,,80,50,61,61,44,83,,0,0,,,100,46,50,80,,
428125,John Wesley International Barber and Beauty College,9,3,3,2,11,2,2,73,,,,,,,,,,,,,,,,,,,,,,,,,,,
440031,Keck Graduate Institute,2,1,2,1,21,2,2,,,,,,,,,,,,,,,,,,,,,,,,,,,,
117627,La Sierra University,2,1,2,1,11,2,2,47,39,54,0,72,71,80,23,38,41,47,,70,0,25,24,26,0,30,32,0,13,22,29,33,,26,
117168,Laguna College of Art and Design,2,1,2,1,41,2,2,52,62,49,,58,58,,,82,39,33,33,100,26,52,62,49,,58,58,,,82,39,100,33,33,
117195,Lake Tahoe Community College,4,2,1,1,41,2,2,29,26,33,50,33,33,,,37,21,30,100,11,,,,,,,,,,,,,,,
117238,Lancaster Beauty School,9,3,3,2,21,2,2,74,,,,,,,,,,,,,,,,,,,,,,,,,,,
117247,Laney College,4,2,1,1,11,2,2,25,23,26,,33,33,25,16,21,28,57,29,17,,,,,,,,,,,,,,,
366401,Las Positas College,4,2,1,1,23,2,2,39,35,43,0,48,48,33,30,37,39,43,100,33,,,,,,,,,,,,,,,
117274,Lassen Community College,4,2,1,1,41,2,2,24,17,33,50,33,0,40,0,22,24,18,100,25,,,,,,,,,,,,,,,
454786,Laurus College,3,1,3,1,13,2,2,79,79,78,0,17,25,0,60,80,96,,0,0,,,,,,,,,,,,,,,
481298,Lawrence & Company College of Cosmetology,9,3,3,2,13,2,2,78,,,,,,,,,,,,,,,,,,,,,,,,,,,
483957,Lawrence & Company College of Cosmetology,9,3,3,2,31,2,2,38,,,,,,,,,,,,,,,,,,,,,,,,,,,
117520,Life Chiropractic College West,2,1,2,1,12,2,2,,,,,,,,,,,,,,,,,,,,,,,,,,,,
117104,Life Pacific College,2,1,2,1,21,2,2,48,44,53,0,67,50,100,33,40,51,,,67,28,43,37,48,0,67,50,100,33,33,45,100,,,
117557,Lincoln University,2,1,2,1,11,2,2,83,63,93,,100,100,,100,100,100,0,,,33,33,0,67,,100,100,,,100,,,,0,
117636,Loma Linda University,2,1,2,1,21,2,2,,,,,,,,,,,,,,,,,,,,,,,,,,,,
117645,Long Beach City College,4,2,1,1,11,2,2,19,18,20,0,24,24,20,10,18,31,28,,16,,,,,,,,,,,,,,,
490124,Los Angeles Academy of Figurative Art,3,1,3,1,11,2,2,,,,,,,,,,,,,,,,,,,,,,,,,,,,
117788,Los Angeles City College,4,2,1,1,11,2,2,21,18,22,,29,30,0,15,15,20,36,25,23,,,,,,,,,,,,,,,
446385,Los Angeles College of Music,3,1,3,1,12,2,2,73,74,67,,0,0,,100,67,83,73,0,100,,,,,,,,,,,,,,,
117681,Los Angeles Community College District Office,0,1,1,1,11,2,2,,,,,,,,,,,,,,,,,,,,,,,,,,,,
117803,Los Angeles County College of Nursing and Allied Health,4,2,1,1,11,2,2,,,,,,,,,,,,,,,,,,,,,,,,,,,,
436429,Los Angeles Film School,3,1,3,1,11,2,2,60,60,64,64,59,57,100,51,68,68,100,54,59,79,79,81,63,,100,100,,59,82,100,89,78,,
117690,Los Angeles Harbor College,4,2,1,1,11,2,2,23,25,21,0,42,45,0,15,19,35,20,0,30,,,,,,,,,,,,,,,
117867,Los Angeles Mission College,4,2,1,1,11,2,2,19,19,18,,30,30,,14,18,19,15,0,50,,,,,,,,,,,,,,,
368780,Los Angeles ORT College-Los Angeles Campus,5,2,2,1,11,2,2,90,97,87,,86,86,,95,89,93,,,,,,,,,,,,,,,,,,
474863,Los Angeles Pacific University,2,1,2,1,21,2,2,11,38,0,,0,,0,0,0,17,,,100,0,14,50,0,,,,,0,0,50,,,,
117706,Los Angeles Pierce College,4,2,1,1,11,2,2,30,26,34,,37,36,50,24,24,41,38,27,24,,,,,,,,,,,,,,,
117715,Los Angeles Southwest College,4,2,1,1,21,2,2,12,8,14,,0,0,0,11,14,,20,0,25,,,,,,,,,,,,,,,
117724,Los Angeles Trade Technical College,4,2,1,1,11,2,2,27,30,24,0,29,29,,11,29,26,47,42,55,,,,,,,,,,,,,,,
117733,Los Angeles Valley College,4,2,1,1,11,2,2,21,17,25,0,32,32,33,18,18,26,44,11,12,,,,,,,,,,,,,,,
117894,Los Medanos College,4,2,1,1,21,2,2,34,33,35,100,44,44,,20,31,44,25,0,31,,,,,,,,,,,,,,,
117900,Los Rios Community College District Office,0,2,1,1,13,2,2,,,,,,,,,,,,,,,,,,,,,,,,,,,,
117946,Loyola Marymount University,2,1,2,1,11,2,2,79,80,79,100,84,84,100,72,82,79,70,,78,70,79,80,79,100,84,84,100,72,82,79,78,,70,
117955,Lu Ross Academy,9,3,3,2,12,2,2,70,,,,,,,,,,,,,,,,,,,,,,,,,,,
118143,Lyle's College of  Beauty,9,3,3,2,11,2,2,64,,,,,,,,,,,,,,,,,,,,,,,,,,,
118161,Lytles Redwood Empire Beauty College Inc,9,3,3,2,21,2,2,79,,,,,,,,,,,,,,,,,,,,,,,,,,,
449366,Make-up Designory,9,3,3,2,12,2,2,93,,,,,,,,,,,,,,,,,,,,,,,,,,,
411684,Marian Health Careers Center-Los Angeles Campus,9,3,3,2,11,2,2,73,,,,,,,,,,,,,,,,,,,,,,,,,,,
475282,Marian Health Careers Center-Van Nuys Campus,9,3,3,2,11,2,2,42,,,,,,,,,,,,,,,,,,,,,,,,,,,
123943,Marshall B Ketchum University,2,1,2,1,21,2,2,,,,,,,,,,,,,,,,,,,,,,,,,,,,
118541,Marymount California University,2,1,2,1,21,2,2,35,30,39,,33,29,43,30,43,32,35,19,40,13,23,23,22,,19,21,14,22,30,14,33,13,35,
454698,Mayfield College,6,2,3,1,21,2,2,79,76,80,33,75,75,,60,82,75,,,,,,,,,,,,,,,,,,
476595,Medical Allied Career Center,9,3,3,2,21,2,2,97,,,,,,,,,,,,,,,,,,,,,,,,,,,
118684,Mendocino College,4,2,1,1,41,2,2,22,21,24,14,14,17,0,16,24,23,,0,29,,,,,,,,,,,,,,,
118693,Menlo College,2,1,2,1,21,2,2,53,52,54,,53,50,57,33,43,68,33,67,50,39,53,52,54,,53,50,57,33,43,68,50,67,33,
118718,Merced College,4,2,1,1,13,2,2,25,24,25,0,32,32,33,7,23,27,48,25,21,,,,,,,,,,,,,,,
491808,Meridian University,3,1,3,1,23,2,2,,,,,,,,,,,,,,,,,,,,,,,,,,,,
118772,Merritt College,4,2,1,1,11,2,2,17,14,19,0,43,45,0,5,20,40,0,15,0,,,,,,,,,,,,,,,
440819,Miami Ad School-San Francisco,6,2,3,2,11,2,2,,,,,,,,,,,,,,,,,,,,,,,,,,,,
119058,Middlebury Institute of International Studies at Monterey,2,1,2,1,22,2,2,,,,,,,,,,,,,,,,,,,,,,,,,,,,
454546,Milan Institute of Cosmetology-Fairfield,9,3,3,2,12,2,2,22,,,,,,,,,,,,,,,,,,,,,,,,,,,
460516,Milan Institute of Cosmetology-La Quinta,9,3,3,2,21,2,2,36,,,,,,,,,,,,,,,,,,,,,,,,,,,
454573,Milan Institute of Cosmetology-Visalia,9,3,3,2,12,2,2,32,,,,,,,,,,,,,,,,,,,,,,,,,,,
457077,Milan Institute-Bakersfield,9,3,3,2,11,2,2,42,,,,,,,,,,,,,,,,,,,,,,,,,,,
489760,Milan Institute-Bakersfield West,9,3,3,2,11,2,2,,,,,,,,,,,,,,,,,,,,,,,,,,,,
448895,Milan Institute-Fresno,9,3,3,2,11,2,2,52,,,,,,,,,,,,,,,,,,,,,,,,,,,
482060,Milan Institute-Merced,9,3,3,2,13,2,2,52,,,,,,,,,,,,,,,,,,,,,,,,,,,
442657,Milan Institute-Palm Desert,9,3,3,2,21,2,2,66,,,,,,,,,,,,,,,,,,,,,,,,,,,
112288,Milan Institute-Visalia,9,3,3,2,12,2,2,76,,,,,,,,,,,,,,,,,,,,,,,,,,,
118888,Mills College,2,1,2,1,11,2,2,69,,69,0,85,87,67,44,88,67,60,29,63,63,68,,68,0,94,100,67,38,86,66,63,33,60,
118912,MiraCosta College,1,1,1,1,21,2,2,31,30,33,17,41,44,0,26,28,32,57,38,24,,,,,,,,,,,,,,,
118930,Mission College,4,2,1,1,12,2,2,24,20,28,,24,24,0,11,22,23,35,0,29,,,,,,,,,,,,,,,
118958,Modern Beauty Academy,9,3,3,2,12,2,2,52,,,,,,,,,,,,,,,,,,,,,,,,,,,
371928,Modern Technology School,6,2,3,2,13,2,2,87,82,90,,89,100,85,100,81,92,,100,78,,,,,,,,,,,,,,,
118976,Modesto Junior College,1,1,1,1,12,2,2,19,16,22,0,18,19,13,9,17,21,0,26,23,,,,,,,,,,,,,,,
118994,Moler Barber College,9,3,3,2,11,2,2,63,,,,,,,,,,,,,,,,,,,,,,,,,,,
119067,Monterey Peninsula College,4,2,1,1,22,2,2,27,24,29,,37,38,25,22,26,28,15,20,24,,,,,,,,,,,,,,,
119137,Moorpark College,4,2,1,1,22,2,2,38,35,41,33,42,43,14,40,29,43,28,33,40,,,,,,,,,,,,,,,
460394,Moreno Valley College,4,2,1,1,21,2,2,17,18,17,0,22,16,50,10,18,20,,,19,,,,,,,,,,,,,,,
119173,Mount Saint Mary's University,2,1,2,1,11,2,2,66,55,66,0,68,70,50,50,68,70,0,64,44,46,70,55,71,0,72,71,100,57,72,62,50,75,,
119164,Mt San Antonio College,4,2,1,1,21,2,2,32,31,33,0,53,53,33,20,25,38,39,40,39,,,,,,,,,,,,,,,
119216,Mt San Jacinto Community College District,4,2,1,1,22,2,2,26,24,28,25,44,45,25,14,25,26,,29,35,,,,,,,,,,,,,,,
398130,Mt Sierra College,3,1,3,1,21,2,2,27,32,11,,20,33,0,50,27,20,,50,0,13,27,32,11,,20,33,0,50,27,20,0,50,,
382258,Mt. Diablo Adult Education-Mt. Diablo USD,7,3,1,2,21,2,2,96,,,,,,,,,,,,,,,,,,,,,,,,,,,
118189,MTI Business College Inc,9,3,3,2,11,2,2,80,,,,,,,,,,,,,,,,,,,,,,,,,,,
118198,MTI College,6,2,3,1,21,2,2,64,59,65,,80,83,50,58,60,66,0,56,45,,,,,,,,,,,,,,,
119270,Musicians Institute,3,1,3,1,11,2,2,61,60,62,60,59,63,50,36,54,61,71,69,45,70,80,75,100,,100,100,,,0,100,,,86,
490337,My Beauty & Barber College,9,3,3,2,11,2,2,100,,,,,,,,,,,,,,,,,,,,,,,,,,,
439747,My Le's Beauty College,9,3,3,2,21,2,2,80,,,,,,,,,,,,,,,,,,,,,,,,,,,
119331,Napa Valley College,4,2,1,1,13,2,2,34,32,35,,39,39,0,9,35,31,67,50,32,,,,,,,,,,,,,,,
455868,National Career College,6,2,3,1,11,2,2,84,57,87,,83,82,100,100,81,100,,,,,,,,,,,,,,,,,,
371964,National Career Education,6,2,3,1,21,2,2,81,78,84,100,100,100,100,74,85,74,,100,100,,,,,,,,,,,,,,,
119553,National Holistic Institute,9,3,3,2,21,2,2,74,,,,,,,,,,,,,,,,,,,,,,,,,,,
447759,National Polytechnic College,6,2,3,1,21,2,2,53,60,50,50,56,56,,50,54,44,0,,,,,,,,,,,,,,,,,
119605,National University,2,1,2,1,11,2,2,42,46,40,,100,100,,50,35,38,50,100,20,20,37,40,35,,,,,33,25,39,25,100,50,
461148,New York Film Academy,3,1,3,1,12,2,2,73,71,77,,33,50,0,20,100,63,83,63,50,69,69,67,74,,,,,0,,86,50,53,78,
119845,Newberry School of Beauty,9,3,3,2,11,2,2,76,,,,,,,,,,,,,,,,,,,,,,,,,,,
119775,Newschool of Architecture and Design,3,1,3,1,11,2,2,39,45,29,,25,25,,,33,29,100,67,,11,39,45,29,,25,25,,,33,29,,67,100,
460464,Norco College,4,2,1,1,21,2,2,24,24,25,0,41,42,33,18,23,28,50,0,0,,,,,,,,,,,,,,,
119951,North Adrian's College of Beauty Inc,9,3,3,2,12,2,2,59,,,,,,,,,,,,,,,,,,,,,,,,,,,
120023,North Orange County Community College District,0,1,1,1,11,2,2,,,,,,,,,,,,,,,,,,,,,,,,,,,,
372028,North-West College-Glendale,9,3,3,2,12,2,2,85,,,,,,,,,,,,,,,,,,,,,,,,,,,
484376,North-West College-Long Beach,6,2,3,2,11,2,2,66,55,68,,58,63,50,44,70,84,,63,,,,,,,,,,,,,,,,
120069,North-West College-Pomona,9,3,3,2,21,2,2,69,,,,,,,,,,,,,,,,,,,,,,,,,,,
445364,North-West College-Riverside,6,2,3,2,11,2,2,69,62,70,,82,83,80,58,72,59,,68,,,,,,,,,,,,,,,,
484367,North-West College-Santa Ana,6,2,3,2,11,2,2,77,58,80,,75,71,100,75,77,85,,76,,,,,,,,,,,,,,,,
120087,North-West College-Van Nuys,9,3,3,2,11,2,2,61,,,,,,,,,,,,,,,,,,,,,,,,,,,
120078,North-West College-West Covina,6,2,3,1,21,2,2,69,58,71,,80,79,100,90,69,62,,45,,,,,,,,,,,,,,,,
444130,Northcentral University,3,1,3,1,11,2,2,,,,,,,,,,,,,,,,,,,,,,,,,,,,
120184,Notre Dame de Namur University,2,1,2,1,21,2,2,48,33,56,0,64,65,50,27,49,38,40,54,69,35,48,33,56,0,64,65,50,27,49,38,69,54,40,
443207,NTMA Training Centers of Southern California,8,3,2,2,21,2,2,92,,,,,,,,,,,,,,,,,,,,,,,,,,,
120254,Occidental College,2,1,2,1,11,2,2,84,83,85,,88,88,,86,86,85,71,69,84,80,84,83,85,,88,88,,86,86,85,84,69,71,
120290,Ohlone College,4,2,1,1,21,2,2,41,39,43,,50,50,20,29,30,40,46,50,30,,,,,,,,,,,,,,,
491491,Oikos University,2,1,2,1,11,2,2,,,,,,,,,,,,,,,,,,,,,,,,,,,,
120342,Orange Coast College,4,2,1,1,12,2,2,39,37,40,40,53,53,20,30,27,39,48,44,28,,,,,,,,,,,,,,,
120403,Otis College of Art and Design,2,1,2,1,11,2,2,55,48,58,100,62,61,100,56,59,40,57,50,50,47,55,48,58,100,62,61,100,56,59,40,50,50,57,
120421,Oxnard College,4,2,1,1,12,2,2,24,23,25,,39,39,,0,23,33,,50,24,,,,,,,,,,,,,,,
422695,Pacific College,3,1,3,1,12,2,2,79,89,76,100,100,100,,50,76,83,,50,,,,,,,,,,,,,,,,
378576,Pacific College of Oriental Medicine-San Diego,3,1,3,1,11,2,2,33,0,38,0,0,0,,0,0,75,,,0,,,,,,,,,,,,,,,
120768,Pacific Oaks College,2,1,2,1,12,2,2,,,,,,,,,,,,,,,,,,,,,,,,,,,,
120795,Pacific School of Religion,2,1,2,1,12,2,2,,,,,,,,,,,,,,,,,,,,,,,,,,,,
120838,Pacific States University,2,1,2,1,11,2,2,0,0,,,,,,,,,0,,,0,0,0,,,,,,,,,,,0,
120865,Pacific Union College,2,1,2,1,41,2,2,52,53,51,50,54,55,44,48,44,58,30,57,58,25,48,51,45,0,51,52,40,35,42,53,55,56,33,
115746,Pacifica Graduate Institute,3,1,3,1,41,2,2,,,,,,,,,,,,,,,,,,,,,,,,,,,,
447731,Palace Beauty College,9,3,3,2,11,2,2,82,,,,,,,,,,,,,,,,,,,,,,,,,,,
447722,Palladium Technical Academy Inc,9,3,3,2,21,2,2,83,,,,,,,,,,,,,,,,,,,,,,,,,,,
120698,Palo Alto University,2,1,2,1,41,2,2,,,,,,,,,,,,,,,,,,,,,,,,,,,,
120953,Palo Verde College,4,2,1,1,42,2,2,18,5,29,0,67,67,,0,16,22,,0,33,,,,,,,,,,,,,,,
120971,Palomar College,4,2,1,1,21,2,2,29,27,30,14,43,46,17,14,23,31,58,25,34,,,,,,,,,,,,,,,
365125,Palomar Institute of Cosmetology,9,3,3,2,21,2,2,94,,,,,,,,,,,,,,,,,,,,,,,,,,,
121628,Pardee RAND Graduate School,2,1,2,1,13,2,2,,,,,,,,,,,,,,,,,,,,,,,,,,,,
121044,Pasadena City College,4,2,1,1,12,2,2,36,34,39,33,56,56,20,13,24,34,51,55,38,,,,,,,,,,,,,,,
459231,Paul Mitchell the School-East Bay,9,3,3,2,21,2,2,68,,,,,,,,,,,,,,,,,,,,,,,,,,,
459198,Paul Mitchell the School-Fresno,9,3,3,2,11,2,2,76,,,,,,,,,,,,,,,,,,,,,,,,,,,
459170,Paul Mitchell the School-Modesto,9,3,3,2,12,2,2,63,,,,,,,,,,,,,,,,,,,,,,,,,,,
454768,Paul Mitchell the School-Pasadena,9,3,3,2,12,2,2,66,,,,,,,,,,,,,,,,,,,,,,,,,,,
455761,Paul Mitchell the School-Sacramento,9,3,3,2,13,2,2,69,,,,,,,,,,,,,,,,,,,,,,,,,,,
449968,Paul Mitchell the School-San Diego,6,2,3,2,11,2,2,74,,,,,,,,,,,,,,,,,,,,,,,,,,,
449986,Paul Mitchell the School-Sherman Oaks,9,3,3,2,11,2,2,75,,,,,,,,,,,,,,,,,,,,,,,,,,,
457323,Paul Mitchell the School-Temecula,9,3,3,2,12,2,2,68,,,,,,,,,,,,,,,,,,,,,,,,,,,
439871,PCI College,3,1,3,1,21,2,2,68,100,61,,67,67,,50,67,100,,,,,,,,,,,,,,,,,,
121150,Pepperdine University,2,1,2,1,21,2,2,85,82,87,100,91,90,100,75,82,85,82,93,87,77,85,82,87,100,91,90,100,75,82,85,87,93,82,
121178,Peralta Community College System Office,0,2,1,1,11,2,2,,,,,,,,,,,,,,,,,,,,,,,,,,,,
434140,Pima Medical Institute-Chula Vista,6,2,3,1,21,2,2,75,70,77,50,75,74,100,57,76,79,,67,72,,,,,,,,,,,,,,,
492449,Pima Medical Institute-San Marcos,6,2,3,1,21,2,2,,,,,,,,,,,,,,,,,,,,,,,,,,,,
121257,Pitzer College,2,1,2,1,21,2,2,83,82,84,100,79,79,,100,88,80,90,89,84,76,83,82,84,100,79,79,,100,88,80,84,89,90,
490878,Platt College-Anaheim,3,1,3,1,11,2,2,,,,,,,,,,,,,,,,,,,,,,,,,,,,
260789,Platt College-Los Angeles,3,1,3,1,21,2,2,61,52,65,50,69,77,33,33,62,56,,,67,,,,,,,,,,,,,,,
432384,Platt College-Ontario,3,1,3,1,12,2,2,57,57,57,0,67,67,,52,58,53,,100,50,,,,,,,,,,,,,,,
480204,Platt College-Riverside,3,1,3,1,11,2,2,,,,,,,,,,,,,,,,,,,,,,,,,,,,
121275,Platt College-San Diego,3,1,3,1,11,2,2,83,79,89,0,100,100,,83,73,81,100,100,100,,,,,,,,,,,,,,,
121309,Point Loma Nazarene University,2,1,2,1,11,2,2,74,65,80,62,73,74,60,58,73,76,,50,100,64,74,65,80,62,73,74,60,58,73,76,100,50,,
121345,Pomona College,2,1,2,1,21,2,2,93,91,95,,95,95,,100,95,93,81,97,92,89,93,91,95,,95,95,,100,95,93,92,97,81,
372082,Pomona Unified School District Adult and Career Education,7,3,1,2,21,2,2,48,,,,,,,,,,,,,,,,,,,,,,,,,,,
121363,Porterville College,4,2,1,1,13,2,2,28,27,29,100,45,45,,0,26,34,0,0,0,,,,,,,,,,,,,,,
416458,Premiere Career College,6,2,3,2,21,2,2,84,87,83,,84,84,,91,83,83,,,100,,,,,,,,,,,,,,,
490045,Presbyterian Theological Seminary in America,2,1,2,1,21,2,2,,,,,,,,,,,,,,,,,,,,,,,,,,,,
486433,Presidio Graduate School,2,1,2,1,11,2,2,,,,,,,,,,,,,,,,,,,,,,,,,,,,
491853,Princess Institute of Beauty,9,3,3,2,32,2,2,,,,,,,,,,,,,,,,,,,,,,,,,,,,
437750,Professional Golfers Career College,6,2,3,1,12,2,2,44,43,50,0,33,33,,67,0,47,25,,,,,,,,,,,,,,,,,
121433,Professional Institute of Beauty,9,3,3,2,21,2,2,64,,,,,,,,,,,,,,,,,,,,,,,,,,,
455770,Providence Christian College,2,1,2,1,12,2,2,57,67,50,,,,,,0,80,0,,,57,57,67,50,,,,,,0,80,,,0,
438665,Rancho Santiago Community College District Office,0,1,1,1,11,2,2,,,,,,,,,,,,,,,,,,,,,,,,,,,,
114637,Redondo Beach Beauty College,9,3,3,2,21,2,2,100,,,,,,,,,,,,,,,,,,,,,,,,,,,
117052,Reedley College,4,2,1,1,32,2,2,24,23,25,29,32,33,0,15,22,29,,0,24,,,,,,,,,,,,,,,
490197,Regan Career Institute,9,3,3,2,21,2,2,100,,,,,,,,,,,,,,,,,,,,,,,,,,,
493442,Relay Graduate School of Education - California,99,-3,-3,-3,11,2,2,,,,,,,,,,,,,,,,,,,,,,,,,,,,
121886,Rio Hondo College,1,1,1,1,21,2,2,20,19,20,,49,49,,0,16,7,0,0,40,,,,,,,,,,,,,,,
121901,Riverside City College,4,2,1,1,11,2,2,28,26,29,14,46,48,22,18,23,33,57,50,31,,,,,,,,,,,,,,,
481191,Riverside County Office of Education-School of Career Education,7,3,1,2,21,2,2,93,,,,,,,,,,,,,,,,,,,,,,,,,,,
121992,Rosemead Beauty School,9,3,3,2,21,2,2,85,,,,,,,,,,,,,,,,,,,,,,,,,,,
382267,Royale College of Beauty and Barbering,9,3,3,2,12,2,2,72,,,,,,,,,,,,,,,,,,,,,,,,,,,
122180,Sacramento City College,4,2,1,1,11,2,2,24,23,26,17,30,31,20,16,17,34,20,60,26,,,,,,,,,,,,,,,
490160,Sacramento Ultrasound Institute,6,2,3,1,13,2,2,,,,,,,,,,,,,,,,,,,,,,,,,,,,
122205,Saddleback College,4,2,1,1,21,2,2,38,33,43,0,47,49,0,42,27,41,44,29,36,,,,,,,,,,,,,,,
447458,SAE Expression College,3,1,3,1,21,2,2,69,68,71,,100,100,,,50,86,,70,33,67,69,68,71,,100,100,,,50,86,33,70,,
476911,SAE Institute of Technology-Los Angeles,9,3,3,2,11,2,2,63,,,,,,,,,,,,,,,,,,,,,,,,,,,
123554,Saint Mary's College of California,2,1,2,1,21,2,2,76,69,81,,80,82,25,56,77,76,75,77,80,65,76,69,81,,83,85,33,53,76,75,80,75,75,
121868,Salon Success Academy-Corona,9,3,3,2,12,2,2,75,,,,,,,,,,,,,,,,,,,,,,,,,,,
456588,Salon Success Academy-Fontana,9,3,3,2,21,2,2,63,,,,,,,,,,,,,,,,,,,,,,,,,,,
456597,Salon Success Academy-Redlands,9,3,3,2,13,2,2,71,,,,,,,,,,,,,,,,,,,,,,,,,,,
115357,Salon Success Academy-Riverside,9,3,3,2,11,2,2,65,,,,,,,,,,,,,,,,,,,,,,,,,,,
121859,Salon Success Academy-Upland,9,3,3,2,21,2,2,84,,,,,,,,,,,,,,,,,,,,,,,,,,,
492953,Salon Success Academy-West Covina,9,3,3,2,21,2,2,,,,,,,,,,,,,,,,,,,,,,,,,,,,
122296,Samuel Merritt University,2,1,2,1,11,2,2,,,,,,,,,,,,,,,,,,,,,,,,,,,,
491543,San Bernardino Beauty College,9,3,3,2,12,2,2,,,,,,,,,,,,,,,,,,,,,,,,,,,,
428426,San Bernardino Community College District,0,2,1,1,12,2,2,,,,,,,,,,,,,,,,,,,,,,,,,,,,
123527,San Bernardino Valley College,4,2,1,1,12,2,2,19,18,20,0,24,26,0,8,21,18,14,0,11,,,,,,,,,,,,,,,
112084,San Diego Christian College,2,1,2,1,21,2,2,57,63,51,,100,100,100,25,39,64,0,45,100,56,57,63,51,,100,100,100,25,39,64,100,45,0,
122339,San Diego City College,4,2,1,1,11,2,2,23,17,28,0,41,41,25,13,20,33,,43,21,,,,,,,,,,,,,,,
122320,San Diego Community College District-Continuing Education,0,2,1,1,11,2,2,,,,,,,,,,,,,,,,,,,,,,,,,,,,
457244,San Diego Culinary Institute,9,3,3,2,21,2,2,80,,,,,,,,,,,,,,,,,,,,,,,,,,,
122375,San Diego Mesa College,1,1,1,1,11,2,2,23,22,25,0,28,29,22,12,20,27,34,43,16,,,,,,,,,,,,,,,
122384,San Diego Miramar College,4,2,1,1,11,2,2,39,40,38,0,54,54,33,30,30,33,44,22,36,,,,,,,,,,,,,,,
122409,San Diego State University,1,1,1,1,11,2,2,74,72,76,50,76,76,50,71,73,77,58,65,71,36,74,72,76,50,76,76,50,71,73,77,71,65,58,
122454,San Francisco Art Institute,2,1,2,1,11,2,2,41,44,39,,0,0,,50,73,38,50,40,33,37,41,44,39,,0,0,,50,73,38,33,40,50,
122506,San Francisco Conservatory of Music,2,1,2,1,11,2,2,63,58,70,,60,60,,100,0,71,61,67,50,44,54,54,53,,60,60,,100,0,62,50,0,50,
486372,San Francisco Film School,6,2,3,1,11,2,2,,,,,,,,,,,,,,,,,,,,,,,,,,,,
454777,San Francisco Institute of Esthetics & Cosmetology Inc,9,3,3,2,11,2,2,64,,,,,,,,,,,,,,,,,,,,,,,,,,,
122597,San Francisco State University,1,1,1,1,11,2,2,54,51,55,44,64,65,57,42,48,54,43,46,50,18,54,51,55,44,64,65,57,42,48,54,50,46,43,
122603,San Francisco Theological Seminary,2,1,2,1,21,2,2,,,,,,,,,,,,,,,,,,,,,,,,,,,,
122649,San Joaquin College of Law,2,1,2,1,21,2,2,,,,,,,,,,,,,,,,,,,,,,,,,,,,
122658,San Joaquin Delta College,4,2,1,1,11,2,2,26,22,30,0,29,30,20,10,24,35,17,50,25,,,,,,,,,,,,,,,
493327,San Joaquin Valley College - Atascadero,99,-3,-3,-3,23,2,2,,,,,,,,,,,,,,,,,,,,,,,,,,,,
448381,San Joaquin Valley College-Central Administrative Office,0,1,3,1,12,2,2,,,,,,,,,,,,,,,,,,,,,,,,,,,,
122685,San Joaquin Valley College-Visalia,3,1,3,1,41,2,2,51,51,51,54,62,63,60,27,59,48,,46,47,,,,,,,,,,,,,,,
122746,San Jose City College,4,2,1,1,11,2,2,26,21,29,0,28,30,0,3,27,33,50,29,13,,,,,,,,,,,,,,,
122755,San Jose State University,1,1,1,1,11,2,2,57,53,61,0,65,65,42,43,49,58,71,51,50,10,57,53,61,0,65,65,42,43,49,58,50,51,71,
122737,San Jose-Evergreen Community College District,0,2,1,1,11,2,2,,,,,,,,,,,,,,,,,,,,,,,,,,,,
122782,San Mateo County Community College District Office,0,1,1,1,21,2,2,,,,,,,,,,,,,,,,,,,,,,,,,,,,
461500,Santa Ana Beauty Academy,9,3,3,2,11,2,2,64,,,,,,,,,,,,,,,,,,,,,,,,,,,
481128,Santa Ana Beauty College,9,3,3,2,11,2,2,91,,,,,,,,,,,,,,,,,,,,,,,,,,,
121619,Santa Ana College,1,1,1,1,11,2,2,25,23,28,0,44,45,25,21,22,35,52,22,17,,,,,,,,,,,,,,,
493354,Santa Barbara Business College -,99,-3,-3,-3,12,2,2,,,,,,,,,,,,,,,,,,,,,,,,,,,,
122834,Santa Barbara Business College-Bakersfield,3,1,3,1,11,2,2,54,40,60,100,100,100,100,14,57,50,,,0,0,33,22,42,,100,,100,0,31,33,,,,
122852,Santa Barbara Business College-Santa Maria,3,1,3,1,12,2,2,70,67,71,,0,0,,,73,67,,,100,0,50,67,0,,,,,,50,,,,,
122889,Santa Barbara City College,4,2,1,1,13,2,2,35,33,37,0,48,49,0,19,31,40,36,18,33,,,,,,,,,,,,,,,
122931,Santa Clara University,2,1,2,1,12,2,2,90,88,92,100,93,93,100,88,88,89,86,94,92,85,90,88,92,100,93,93,100,88,88,89,92,94,86,
122977,Santa Monica College,1,1,1,1,13,2,2,30,28,32,,43,42,100,12,19,39,39,54,16,,,,,,,,,,,,,,,
123013,Santa Rosa Junior College,4,2,1,1,12,2,2,35,34,35,33,38,39,29,18,27,41,0,29,43,,,,,,,,,,,,,,,
399212,Santiago Canyon College,4,2,1,1,12,2,2,39,34,43,0,56,56,50,22,33,43,32,42,35,,,,,,,,,,,,,,,
123095,Saybrook University,2,1,2,1,11,2,2,,,,,,,,,,,,,,,,,,,,,,,,,,,,
123165,Scripps College,2,1,2,1,21,2,2,88,,88,0,100,100,,100,88,84,69,87,100,83,88,,88,0,100,100,,100,88,84,100,87,69,
123280,Shasta Bible College and Graduate School,2,1,2,1,13,2,2,25,20,33,,,,,0,100,25,0,,,25,25,0,100,,,,,0,100,0,,,0,
123299,Shasta College,1,1,1,1,22,2,2,20,20,20,9,21,22,0,8,15,22,,0,19,,,,,,,,,,,,,,,
121637,Shasta School of Cosmetology,9,3,3,2,13,2,2,71,,,,,,,,,,,,,,,,,,,,,,,,,,,
123341,Sierra College,4,2,1,1,21,2,2,35,30,39,22,47,52,14,22,36,33,65,40,30,,,,,,,,,,,,,,,
123350,Sierra College of Beauty,9,3,3,2,13,2,2,88,,,,,,,,,,,,,,,,,,,,,,,,,,,
123457,Simpson University,2,1,2,1,13,2,2,57,45,60,20,60,50,100,50,47,58,100,,70,44,57,45,60,20,60,50,100,50,47,58,70,,100,
123509,Skyline College,1,1,1,1,21,2,2,25,25,24,,28,28,17,20,21,24,40,13,19,,,,,,,,,,,,,,,
110778,Sofia University,3,1,3,1,13,2,2,,,,,,,,,,,,,,,,,,,,,,,,,,,,
399911,Soka University of America,2,1,2,1,21,2,2,94,95,93,100,96,96,,89,100,83,94,100,,87,94,95,93,100,96,96,,89,100,83,,100,94,
123563,Solano Community College,1,1,1,1,22,2,2,28,27,28,0,39,41,0,7,29,29,0,34,20,,,,,,,,,,,,,,,
123572,Sonoma State University,1,1,1,1,21,2,2,58,54,61,80,61,61,50,37,54,63,57,52,49,29,58,54,61,80,61,61,50,37,54,63,49,52,57,
123633,South Baylo University,2,1,2,1,11,2,2,,,,,,,,,,,,,,,,,,,,,,,,,,,,
123642,South Coast College,6,2,3,1,12,2,2,69,50,74,100,,,,100,77,36,,,100,,,,,,,,,,,,,,,
432144,South Orange County Community College District,0,2,1,1,21,2,2,,,,,,,,,,,,,,,,,,,,,,,,,,,,
461856,Southern California Health Institute,9,3,3,2,11,2,2,77,,,,,,,,,,,,,,,,,,,,,,,,,,,
123952,Southern California Institute of Architecture,2,1,2,1,11,2,2,100,100,100,,100,100,,,,,100,,100,0,100,100,100,,100,100,,,,,100,,100,
399869,Southern California Institute of Technology,3,1,3,1,11,2,2,75,76,64,,89,94,60,55,73,77,,100,77,45,50,51,25,,62,67,50,23,47,61,50,100,,
117575,Southern California Seminary,2,1,2,1,21,2,2,,,,,,,,,,,,,,,,,,,,,,,,,,,,
117672,Southern California University of Health Sciences,2,1,2,1,21,2,2,,,,,,,,,,,,,,,,,,,,,,,,,,,,
490063,Southern States University,3,1,3,1,11,2,2,18,14,25,,,,,,,,18,,,18,18,14,25,,,,,,,,,,18,
123800,Southwestern College,4,2,1,1,21,2,2,22,20,24,0,28,28,30,16,21,25,4,25,,,,,,,,,,,,,,,,
123970,Southwestern Law School,2,1,2,1,11,2,2,,,,,,,,,,,,,,,,,,,,,,,,,,,,
413680,Spartan College of Aeronautics & Technology,6,2,3,1,21,2,2,38,38,39,0,39,38,44,39,38,56,100,15,0,,,,,,,,,,,,,,,
489371,Spartan College of Aeronautics and Technology,6,2,3,2,21,2,2,,,,,,,,,,,,,,,,,,,,,,,,,,,,
446561,Stanbridge University,3,1,3,1,11,2,2,71,67,73,67,78,79,76,70,64,70,,84,,80,80,80,,,100,100,,100,100,0,,,,
493318,Stanbridge University-Los Angeles,6,2,3,1,21,2,2,,,,,,,,,,,,,,,,,,,,,,,,,,,,
243744,Stanford University,2,1,2,1,21,2,2,94,94,95,78,95,95,100,92,94,96,92,67,93,75,94,94,95,78,95,95,100,92,94,96,93,67,92,
123916,Starr King School for the Ministry,2,1,2,1,12,2,2,,,,,,,,,,,,,,,,,,,,,,,,,,,,
123925,State Center Community College District,0,2,1,1,11,2,2,,,,,,,,,,,,,,,,,,,,,,,,,,,,
444529,Stellar Career College,9,3,3,2,21,2,2,93,,,,,,,,,,,,,,,,,,,,,,,,,,,
447953,SUM Bible College and Theological Seminary,2,1,2,1,41,2,2,60,54,67,,50,,50,63,38,85,,0,0,51,60,54,67,,50,,50,63,38,85,0,0,,
400080,Summit College,9,3,3,2,21,2,2,77,,,,,,,,,,,,,,,,,,,,,,,,,,,
483610,Sutter Beauty College,9,3,3,2,13,2,2,64,,,,,,,,,,,,,,,,,,,,,,,,,,,
124113,Taft College,4,2,1,1,32,2,2,39,36,41,50,50,50,50,100,34,40,75,33,62,,,,,,,,,,,,,,,
368832,Thanh Le College School of Cosmetology,9,3,3,2,21,2,2,88,,,,,,,,,,,,,,,,,,,,,,,,,,,
108348,The Academy of Radio and TV Broadcasting,9,3,3,2,21,2,2,77,,,,,,,,,,,,,,,,,,,,,,,,,,,
455433,The Chicago School of Professional Psychology at Irvine,2,1,2,1,11,2,2,,,,,,,,,,,,,,,,,,,,,,,,,,,,
455664,The Chicago School of Professional Psychology at Los Angeles,2,1,2,1,11,2,2,,,,,,,,,,,,,,,,,,,,,,,,,,,,
491190,The Chicago School of Professional Psychology at San Diego,2,1,2,1,11,2,2,,,,,,,,,,,,,,,,,,,,,,,,,,,,
483230,The Fab School,9,3,3,2,21,2,2,95,,,,,,,,,,,,,,,,,,,,,,,,,,,
117751,The Master's University and Seminary,2,1,2,1,21,2,2,55,55,56,100,83,81,100,33,65,50,60,40,63,45,55,55,56,100,83,81,100,33,65,50,63,40,60,
484206,The Salon Professional Academy-San Jose,9,3,3,2,11,2,2,78,,,,,,,,,,,,,,,,,,,,,,,,,,,
475228,The Santa Barbara and Ventura Colleges of Law at Santa Barbara,2,1,2,1,13,2,2,,,,,,,,,,,,,,,,,,,,,,,,,,,,
125037,The Santa Barbara and Ventura Colleges of Law at Ventura,2,1,2,1,12,2,2,,,,,,,,,,,,,,,,,,,,,,,,,,,,
126012,The Wright Institute,2,1,2,1,12,2,2,,,,,,,,,,,,,,,,,,,,,,,,,,,,
486123,Theatre of Arts,6,2,3,1,11,2,2,,,,,,,,,,,,,,,,,,,,,,,,,,,,
124292,Thomas Aquinas College,2,1,2,1,42,2,2,79,71,89,100,100,100,,,67,84,33,50,100,73,79,71,89,100,100,100,,,67,84,100,50,33,
126049,Thomas Jefferson School of Law,2,1,2,1,11,2,2,,,,,,,,,,,,,,,,,,,,,,,,,,,,
116350,Toni & Guy Hairdressing Academy-Santa Monica,9,3,3,2,13,2,2,71,,,,,,,,,,,,,,,,,,,,,,,,,,,
459736,Touro University California,2,1,2,1,12,2,2,,,,,,,,,,,,,,,,,,,,,,,,,,,,
459727,Touro University Worldwide,2,1,2,1,21,2,2,60,50,67,,,,,,,60,,,,40,60,50,67,,,,,,,60,,,,
484233,Tri-Community Adult Education,4,2,1,2,21,2,2,,,,,,,,,,,,,,,,,,,,,,,,,,,,
450979,Trident University International,3,1,3,1,21,2,2,26,30,21,,0,0,0,0,40,48,,24,0,18,26,30,21,,0,0,0,0,40,48,0,24,,
123448,Trinity Law School,2,1,2,1,11,2,2,,,,,,,,,,,,,,,,,,,,,,,,,,,,
459161,Trinity School of Health and Allied Sciences,3,1,3,1,11,2,2,86,75,100,,100,100,,,,,,50,,,,,,,,,,,,,,,,
482291,UEI College-Bakersfield,9,3,3,2,11,2,2,74,,,,,,,,,,,,,,,,,,,,,,,,,,,
397942,UEI College-Fresno,9,3,3,2,11,2,2,68,,,,,,,,,,,,,,,,,,,,,,,,,,,
393649,UEI College-Gardena,9,3,3,2,11,2,2,68,,,,,,,,,,,,,,,,,,,,,,,,,,,
470038,UEI College-Riverside,9,3,3,2,11,2,2,71,,,,,,,,,,,,,,,,,,,,,,,,,,,
481182,Ukiah Adult School,7,3,1,2,33,2,2,87,,,,,,,,,,,,,,,,,,,,,,,,,,,
468909,United Education Institute-Anaheim,9,3,3,2,11,2,2,65,,,,,,,,,,,,,,,,,,,,,,,,,,,
447607,United Education Institute-Chula Vista,9,3,3,2,21,2,2,68,,,,,,,,,,,,,,,,,,,,,,,,,,,
384245,United Education Institute-Encino,9,3,3,2,11,2,2,72,,,,,,,,,,,,,,,,,,,,,,,,,,,
124681,United Education Institute-Huntington Park Campus,9,3,3,2,21,2,2,76,,,,,,,,,,,,,,,,,,,,,,,,,,,
384236,United Education Institute-Ontario,9,3,3,2,12,2,2,75,,,,,,,,,,,,,,,,,,,,,,,,,,,
468848,United Education Institute-UEI College San Marcos,9,3,3,2,21,2,2,76,,,,,,,,,,,,,,,,,,,,,,,,,,,
480471,United Education Institute-UEI College Stockton,9,3,3,2,11,2,2,78,,,,,,,,,,,,,,,,,,,,,,,,,,,
447616,United Education Institute-West Covina,9,3,3,2,21,2,2,71,,,,,,,,,,,,,,,,,,,,,,,,,,,
447050,United States University,3,1,3,1,11,2,2,0,0,0,,0,0,,0,0,0,,0,,0,0,0,0,,0,0,,0,0,0,,0,,
459204,Unitek College,3,1,3,1,21,2,2,73,75,73,0,81,80,83,68,36,84,,75,78,,,,,,,,,,,,,,,
479424,Unitek College,9,3,3,2,12,2,2,84,,,,,,,,,,,,,,,,,,,,,,,,,,,
476799,Unitek College,9,3,3,2,13,2,2,88,,,,,,,,,,,,,,,,,,,,,,,,,,,
372240,Universal College of Beauty Inc-Los Angeles 2,9,3,3,2,11,2,2,44,,,,,,,,,,,,,,,,,,,,,,,,,,,
485573,Universal Healthcare Careers College,9,3,3,2,11,2,2,,,,,,,,,,,,,,,,,,,,,,,,,,,,
438504,Universal Technical Institute of California Inc,6,2,3,1,21,2,2,57,57,47,38,67,65,100,33,59,59,100,50,43,,,,,,,,,,,,,,,
448433,Universal Technical Institute of Northern California Inc,6,2,3,1,11,2,2,65,65,61,29,69,72,62,68,66,67,,34,68,,,,,,,,,,,,,,,
487597,Universal Technical Institute-Southern California,6,2,3,2,11,2,2,,,,,,,,,,,,,,,,,,,,,,,,,,,,
442930,University of Antelope Valley,3,1,3,1,21,2,2,67,65,69,75,93,93,,54,72,69,,70,56,46,46,50,43,50,100,100,,37,51,50,40,25,,
110635,University of California-Berkeley,1,1,1,1,12,2,2,91,89,93,100,94,94,83,82,87,90,89,95,91,76,91,89,93,100,94,94,83,82,87,90,91,95,89,
110644,University of California-Davis,1,1,1,1,23,2,2,85,82,88,60,89,89,62,76,77,87,77,84,88,58,85,82,88,60,89,89,62,76,77,87,88,84,77,
110398,University of California-Hastings College of Law,1,1,1,1,11,2,2,,,,,,,,,,,,,,,,,,,,,,,,,,,,
110653,University of California-Irvine,1,1,1,1,11,2,2,85,82,87,100,90,90,82,78,77,86,77,92,84,70,85,82,87,100,90,90,82,78,77,86,84,92,77,
110662,University of California-Los Angeles,1,1,1,1,11,2,2,91,88,93,83,93,94,79,75,86,93,88,87,93,75,91,88,93,83,93,94,79,75,86,93,93,87,88,
445188,University of California-Merced,1,1,1,1,41,2,2,64,59,70,,72,72,50,64,57,72,63,63,64,33,64,59,70,,72,72,50,64,57,72,64,63,63,
110671,University of California-Riverside,1,1,1,1,11,2,2,75,72,77,50,79,79,50,75,73,72,59,78,77,53,75,72,77,50,79,79,50,75,73,72,77,78,59,
110680,University of California-San Diego,1,1,1,1,11,2,2,85,82,86,88,91,91,100,69,76,85,77,86,,55,85,82,86,88,91,91,100,69,76,85,,86,77,
110699,University of California-San Francisco,1,1,1,1,11,2,2,,,,,,,,,,,,,,,,,,,,,,,,,,,,
110705,University of California-Santa Barbara,1,1,1,1,22,2,2,81,77,86,63,83,83,69,78,77,84,81,78,80,68,81,77,86,63,83,83,69,78,77,84,80,78,81,
110714,University of California-Santa Cruz,1,1,1,1,13,2,2,77,75,79,100,79,79,83,78,73,79,86,81,77,53,77,75,79,100,79,79,83,78,73,79,77,81,86,
124557,University of California-System Administration Central Office,0,1,1,1,11,2,2,,,,,,,,,,,,,,,,,,,,,,,,,,,,
447801,University of East-West Medicine,3,1,3,1,12,2,2,,,,,,,,,,,,,,,,,,,,,,,,,,,,
117140,University of La Verne,2,1,2,1,21,2,2,66,62,69,,66,65,100,44,70,64,67,53,62,52,66,62,69,,66,65,100,44,70,64,62,53,67,
484631,University of Phoenix-California,3,1,3,1,12,2,2,18,15,20,25,18,27,7,13,23,20,19,14,19,2,18,15,20,25,18,27,7,13,22,19,19,14,17,
121691,University of Redlands,2,1,2,1,13,2,2,77,74,79,60,62,68,25,63,75,80,50,83,61,71,77,74,79,60,62,68,25,63,75,80,61,83,50,
488785,University of Saint Katherine,2,1,2,1,21,2,2,92,83,100,,,,,,50,100,,100,,31,92,83,100,,,,,,50,100,,100,,
122436,University of San Diego,2,1,2,1,11,2,2,82,78,84,100,81,81,100,69,88,81,78,84,78,69,82,78,84,100,81,81,100,69,88,81,78,84,78,
122612,University of San Francisco,2,1,2,1,11,2,2,77,74,79,100,85,85,80,72,83,74,68,67,76,67,77,74,79,100,85,85,80,72,83,74,76,67,68,
123961,University of Southern California,2,1,2,1,11,2,2,92,90,93,100,94,94,75,91,90,92,89,91,93,77,92,90,93,100,94,94,75,91,90,92,93,91,89,
367954,University of St. Augustine for Health Sciences,3,1,3,1,21,2,2,,,,,,,,,,,,,,,,,,,,,,,,,,,,
120883,University of the Pacific,2,1,2,1,11,2,2,70,66,75,58,79,80,70,55,68,70,54,60,64,47,66,61,71,57,70,70,63,55,68,69,61,58,51,
449870,University of the West,2,1,2,1,21,2,2,50,50,50,,,,,,,100,33,,,25,50,50,50,,,,,,,100,,,33,
491756,Urban Barber College,9,3,3,2,21,2,2,,,,,,,,,,,,,,,,,,,,,,,,,,,,
449445,Valley College of Medical Careers,6,2,3,1,11,2,2,78,78,78,,91,91,,57,70,100,,,,,,,,,,,,,,,,,,
123651,Vanguard University of Southern California,2,1,2,1,12,2,2,61,55,64,50,81,79,100,69,57,61,60,0,65,57,61,55,64,50,81,79,100,69,57,61,65,0,60,
417123,Ventura Adult and Continuing Education,7,3,1,2,12,2,2,96,,,,,,,,,,,,,,,,,,,,,,,,,,,
125028,Ventura College,4,2,1,1,12,2,2,35,30,39,33,53,57,14,21,30,41,33,50,48,,,,,,,,,,,,,,,
125019,Ventura County Community College System Office,0,2,1,1,13,2,2,,,,,,,,,,,,,,,,,,,,,,,,,,,,
125091,Victor Valley College,4,2,1,1,12,2,2,16,13,18,13,13,16,0,10,16,18,33,0,12,,,,,,,,,,,,,,,
491899,Victory Career College,9,3,3,2,11,2,2,,,,,,,,,,,,,,,,,,,,,,,,,,,,
431956,Virginia Sewing Machines and School Center,9,3,3,2,21,2,2,74,,,,,,,,,,,,,,,,,,,,,,,,,,,
481474,W Academy of Salon and Spa,9,3,3,2,21,2,2,100,,,,,,,,,,,,,,,,,,,,,,,,,,,
125310,Waynes College of Beauty,9,3,3,2,12,2,2,67,,,,,,,,,,,,,,,,,,,,,,,,,,,
441229,West Coast Ultrasound Institute,3,1,3,1,21,2,2,76,76,77,,83,83,,70,71,80,,,,,,,,,,,,,,,,,,
489858,West Coast University-Center for Graduate Studies,3,1,3,1,11,2,2,,,,,,,,,,,,,,,,,,,,,,,,,,,,
443331,West Coast University-Los Angeles,3,1,3,1,11,2,2,35,38,33,,40,44,0,,0,33,,,,35,35,38,33,,40,44,0,,0,33,,,,
458229,West Coast University-Ontario,3,1,3,1,12,2,2,38,33,41,0,29,33,0,0,38,57,,100,0,31,38,33,41,0,29,33,0,0,38,57,0,100,,
458210,West Coast University-Orange County,3,1,3,1,11,2,2,50,33,58,,62,60,67,,50,40,,0,50,46,50,33,58,,62,60,67,,50,40,50,0,,
125462,West Hills College-Coalinga,4,2,1,1,32,2,2,29,27,31,0,17,0,33,19,27,28,56,0,80,,,,,,,,,,,,,,,
448594,West Hills College-Lemoore,4,2,1,1,41,2,2,37,30,42,67,25,27,0,11,37,42,0,50,23,,,,,,,,,,,,,,,
448637,West Hills Community College District,0,2,1,1,32,2,2,,,,,,,,,,,,,,,,,,,,,,,,,,,,
125471,West Los Angeles College,1,1,1,1,21,2,2,16,13,18,,27,24,100,10,17,26,21,11,14,,,,,,,,,,,,,,,
125499,West Valley College,4,2,1,1,21,2,2,32,27,37,0,35,36,0,32,31,33,27,20,36,,,,,,,,,,,,,,,
125222,West Valley Mission Community College District Office,0,2,1,1,21,2,2,,,,,,,,,,,,,,,,,,,,,,,,,,,,
486141,Westchester College of Nursing & Allied Health,9,3,3,2,11,2,2,,,,,,,,,,,,,,,,,,,,,,,,,,,,
490133,Westcliff University,3,1,3,1,11,2,2,,,,,,,,,,,,,,,,,,,,,,,,,,,,
112525,Western University of Health Sciences,2,1,2,1,21,2,2,,,,,,,,,,,,,,,,,,,,,,,,,,,,
125718,Westminster Theological Seminary in California,2,1,2,1,21,2,2,,,,,,,,,,,,,,,,,,,,,,,,,,,,
125727,Westmont College,2,1,2,1,22,2,2,75,75,75,0,86,85,100,50,76,75,0,60,79,73,75,75,75,0,86,85,100,50,76,75,79,60,0,
125763,Whittier College,2,1,2,1,21,2,2,69,61,76,100,78,77,100,63,73,66,45,33,68,62,69,61,76,100,78,77,100,63,73,66,68,33,45,
122728,William Jessup University,2,1,2,1,41,2,2,64,63,65,100,80,67,100,67,58,64,,,50,51,64,61,65,,80,67,100,67,58,64,50,,,
125897,Woodbury University,2,1,2,1,11,2,2,52,43,57,50,50,57,0,29,42,76,39,,20,26,52,43,57,50,50,57,0,29,42,76,20,,39,
455512,Woodland Community College,4,2,1,1,23,2,2,21,20,23,,27,29,0,50,17,31,0,0,14,,,,,,,,,,,,,,,
401223,World Mission University,2,1,2,1,11,2,2,20,17,25,,0,0,,,,,29,,,0,0,0,0,,0,0,,,,,,,0,
481289,Xavier College School of Nursing,9,3,3,2,11,2,2,90,,,,,,,,,,,,,,,,,,,,,,,,,,,
126076,Yeshiva Ohr Elchonon Chabad West Coast Talmudical Seminary,2,1,2,1,11,2,2,32,32,,,,,,,,38,0,,,32,32,32,,,,,,,,38,,,0,
401250,Yo San University of Traditional Chinese Medicine,2,1,2,1,21,2,2,,,,,,,,,,,,,,,,,,,,,,,,,,,,
126100,Yosemite Community College District Office,0,1,1,1,12,2,2,,,,,,,,,,,,,,,,,,,,,,,,,,,,
126119,Yuba College,4,2,1,1,22,2,2,23,20,27,43,31,30,33,8,26,21,0,29,13,,,,,,,,,,,,,,,
486248,ZMS The Academy,9,3,3,2,11,2,2,43,,,,,,,,,,,,,,,,,,,,,,,,,,,