"VariableName","Value","ValueLabel"
"Sector of institution (HD2018)","0","Administrative Unit"
"Sector of institution (HD2018)","1","Public, 4-year or above"
"Sector of institution (HD2018)","2","Private not-for-profit, 4-year or above"
"Sector of institution (HD2018)","3","Private for-profit, 4-year or above"
"Sector of institution (HD2018)","4","Public, 2-year"
"Sector of institution (HD2018)","5","Private not-for-profit, 2-year"
"Sector of institution (HD2018)","6","Private for-profit, 2-year"
"Sector of institution (HD2018)","7","Public, less-than 2-year"
"Sector of institution (HD2018)","8","Private not-for-profit, less-than 2-year"
"Sector of institution (HD2018)","9","Private for-profit, less-than 2-year"
"Sector of institution (HD2018)","99","Sector unknown (not active)"
"Level of institution (HD2018)","1","Four or more years"
"Level of institution (HD2018)","2","At least 2 but less than 4 years"
"Level of institution (HD2018)","3","Less than 2 years (below associate)"
"Level of institution (HD2018)","-3","{Not available}"
"Control of institution (HD2018)","1","Public"
"Control of institution (HD2018)","2","Private not-for-profit"
"Control of institution (HD2018)","3","Private for-profit"
"Control of institution (HD2018)","-3","{Not available}"
"Degree-granting status (HD2018)","1","Degree-granting"
"Degree-granting status (HD2018)","2","Nondegree-granting, primarily postsecondary"
"Degree-granting status (HD2018)","-3","{Not available}"
"Historically Black College or University (HD2018)","2","No"
"Tribal college (HD2018)","2","No"
"Degree of urbanization (Urban-centric locale) (HD2018)","11","City: Large"
"Degree of urbanization (Urban-centric locale) (HD2018)","12","City: Midsize"
"Degree of urbanization (Urban-centric locale) (HD2018)","13","City: Small"
"Degree of urbanization (Urban-centric locale) (HD2018)","21","Suburb: Large"
"Degree of urbanization (Urban-centric locale) (HD2018)","22","Suburb: Midsize"
"Degree of urbanization (Urban-centric locale) (HD2018)","23","Suburb: Small"
"Degree of urbanization (Urban-centric locale) (HD2018)","31","Town: Fringe"
"Degree of urbanization (Urban-centric locale) (HD2018)","32","Town: Distant"
"Degree of urbanization (Urban-centric locale) (HD2018)","33","Town: Remote"
"Degree of urbanization (Urban-centric locale) (HD2018)","41","Rural: Fringe"
"Degree of urbanization (Urban-centric locale) (HD2018)","42","Rural: Distant"
